file_name,file_path,attack_type,label
1769582224434-2n71gdsz237-audio.wav,/content/drive/MyDrive/Final_Dataset/Sam_final_dataset/Audio/voice_all_files/genuine/replay_recording_files/1769582224434-2n71gdsz237-audio.wav,genuine,0
1769656704608-ef07jxxzhzn-audio.wav,/content/drive/MyDrive/Final_Dataset/Sam_final_dataset/Audio/voice_all_files/genuine/replay_recording_files/1769656704608-ef07jxxzhzn-audio.wav,genuine,0
1769661288326-qjv26yfs9b-audio.wav,/content/drive/MyDrive/Final_Dataset/Sam_final_dataset/Audio/voice_all_files/genuine/replay_recording_files/1769661288326-qjv26yfs9b-audio.wav,genuine,0
1769678217131-a1yyynu4zxe-audio.wav,/content/drive/MyDrive/Final_Dataset/Sam_final_dataset/Audio/voice_all_files/genuine/replay_recording_files/1769678217131-a1yyynu4zxe-audio.wav,genuine,0
1769680362558-n9br5ma9t5p-audio.wav,/content/drive/MyDrive/Final_Dataset/Sam_final_dataset/Audio/voice_all_files/genuine/replay_recording_files/1769680362558-n9br5ma9t5p-audio.wav,genuine,0
1769715316109-lepldmgac6-audio.wav,/content/drive/MyDrive/Final_Dataset/Sam_final_dataset/Audio/voice_all_files/genuine/replay_recording_files/1769715316109-lepldmgac6-audio.wav,genuine,0
1769827464685-t4iir7dsiek-audio.wav,/content/drive/MyDrive/Final_Dataset/Sam_final_dataset/Audio/voice_all_files/genuine/replay_recording_files/1769827464685-t4iir7dsiek-audio.wav,genuine,0
1769857860488-1kaf4vrf1bw-audio.wav,/content/drive/MyDrive/Final_Dataset/Sam_final_dataset/Audio/voice_all_files/genuine/replay_recording_files/1769857860488-1kaf4vrf1bw-audio.wav,genuine,0
1769865631974-5vswlopqn38-audio.wav,/content/drive/MyDrive/Final_Dataset/Sam_final_dataset/Audio/voice_all_files/genuine/replay_recording_files/1769865631974-5vswlopqn38-audio.wav,genuine,0
1769877746312-17s72lus0oz-audio.wav,/content/drive/MyDrive/Final_Dataset/Sam_final_dataset/Audio/voice_all_files/genuine/replay_recording_files/1769877746312-17s72lus0oz-audio.wav,genuine,0
1769877763904-77llgv23pb-audio.wav,/content/drive/MyDrive/Final_Dataset/Sam_final_dataset/Audio/voice_all_files/genuine/replay_recording_files/1769877763904-77llgv23pb-audio.wav,genuine,0
1769877768525-icimbs5yvns-audio.wav,/content/drive/MyDrive/Final_Dataset/Sam_final_dataset/Audio/voice_all_files/genuine/replay_recording_files/1769877768525-icimbs5yvns-audio.wav,genuine,0
1769877776957-cfu3881h8h4-audio.wav,/content/drive/MyDrive/Final_Dataset/Sam_final_dataset/Audio/voice_all_files/genuine/replay_recording_files/1769877776957-cfu3881h8h4-audio.wav,genuine,0
1769877779645-a7eplt7s9je-audio.wav,/content/drive/MyDrive/Final_Dataset/Sam_final_dataset/Audio/voice_all_files/genuine/replay_recording_files/1769877779645-a7eplt7s9je-audio.wav,genuine,0
1769877783602-qg04uh9094-audio.wav,/content/drive/MyDrive/Final_Dataset/Sam_final_dataset/Audio/voice_all_files/genuine/replay_recording_files/1769877783602-qg04uh9094-audio.wav,genuine,0
1769877785185-0we92xpmfk1-audio.wav,/content/drive/MyDrive/Final_Dataset/Sam_final_dataset/Audio/voice_all_files/genuine/replay_recording_files/1769877785185-0we92xpmfk1-audio.wav,genuine,0
1769877786806-vedpgl0db5r-audio.wav,/content/drive/MyDrive/Final_Dataset/Sam_final_dataset/Audio/voice_all_files/genuine/replay_recording_files/1769877786806-vedpgl0db5r-audio.wav,genuine,0
1769877790574-jkkmpefnz4k-audio.wav,/content/drive/MyDrive/Final_Dataset/Sam_final_dataset/Audio/voice_all_files/genuine/replay_recording_files/1769877790574-jkkmpefnz4k-audio.wav,genuine,0
1769877793417-ogm26iebr1n-audio.wav,/content/drive/MyDrive/Final_Dataset/Sam_final_dataset/Audio/voice_all_files/genuine/replay_recording_files/1769877793417-ogm26iebr1n-audio.wav,genuine,0
1769877799465-s8yspj7o21s-audio.wav,/content/drive/MyDrive/Final_Dataset/Sam_final_dataset/Audio/voice_all_files/genuine/replay_recording_files/1769877799465-s8yspj7o21s-audio.wav,genuine,0
1769877813423-fzmq80fcxer-audio.wav,/content/drive/MyDrive/Final_Dataset/Sam_final_dataset/Audio/voice_all_files/genuine/replay_recording_files/1769877813423-fzmq80fcxer-audio.wav,genuine,0
1769877836738-ngh2n3zgsbb-audio.wav,/content/drive/MyDrive/Final_Dataset/Sam_final_dataset/Audio/voice_all_files/genuine/replay_recording_files/1769877836738-ngh2n3zgsbb-audio.wav,genuine,0
1769877865550-cngi8444j34-audio.wav,/content/drive/MyDrive/Final_Dataset/Sam_final_dataset/Audio/voice_all_files/genuine/replay_recording_files/1769877865550-cngi8444j34-audio.wav,genuine,0
1769877871713-4m4k67ocdf6-audio.wav,/content/drive/MyDrive/Final_Dataset/Sam_final_dataset/Audio/voice_all_files/genuine/replay_recording_files/1769877871713-4m4k67ocdf6-audio.wav,genuine,0
1769877877349-6ubslfaljz6-audio.wav,/content/drive/MyDrive/Final_Dataset/Sam_final_dataset/Audio/voice_all_files/genuine/replay_recording_files/1769877877349-6ubslfaljz6-audio.wav,genuine,0
1769878005554-ul2tq32hw5g-audio.wav,/content/drive/MyDrive/Final_Dataset/Sam_final_dataset/Audio/voice_all_files/genuine/replay_recording_files/1769878005554-ul2tq32hw5g-audio.wav,genuine,0
1769878028731-w45lijinp1k-audio.wav,/content/drive/MyDrive/Final_Dataset/Sam_final_dataset/Audio/voice_all_files/genuine/replay_recording_files/1769878028731-w45lijinp1k-audio.wav,genuine,0
1769878049059-og3cfyph5x-audio.wav,/content/drive/MyDrive/Final_Dataset/Sam_final_dataset/Audio/voice_all_files/genuine/replay_recording_files/1769878049059-og3cfyph5x-audio.wav,genuine,0
1769878150519-bs6gvzikgww-audio.wav,/content/drive/MyDrive/Final_Dataset/Sam_final_dataset/Audio/voice_all_files/genuine/replay_recording_files/1769878150519-bs6gvzikgww-audio.wav,genuine,0
1769878323445-9htttm85m8a-audio.wav,/content/drive/MyDrive/Final_Dataset/Sam_final_dataset/Audio/voice_all_files/genuine/replay_recording_files/1769878323445-9htttm85m8a-audio.wav,genuine,0
1769878532354-0sianq32je2-audio.wav,/content/drive/MyDrive/Final_Dataset/Sam_final_dataset/Audio/voice_all_files/genuine/replay_recording_files/1769878532354-0sianq32je2-audio.wav,genuine,0
1769878778942-38puz883s92-audio.wav,/content/drive/MyDrive/Final_Dataset/Sam_final_dataset/Audio/voice_all_files/genuine/replay_recording_files/1769878778942-38puz883s92-audio.wav,genuine,0
1769878825283-hbqx1z44dyq-audio.wav,/content/drive/MyDrive/Final_Dataset/Sam_final_dataset/Audio/voice_all_files/genuine/replay_recording_files/1769878825283-hbqx1z44dyq-audio.wav,genuine,0
1769879032156-o2qh72vloxb-audio.wav,/content/drive/MyDrive/Final_Dataset/Sam_final_dataset/Audio/voice_all_files/genuine/replay_recording_files/1769879032156-o2qh72vloxb-audio.wav,genuine,0
1769879131222-u883itot1y-audio.wav,/content/drive/MyDrive/Final_Dataset/Sam_final_dataset/Audio/voice_all_files/genuine/replay_recording_files/1769879131222-u883itot1y-audio.wav,genuine,0
1769879150923-hkfhersf7f4-audio.wav,/content/drive/MyDrive/Final_Dataset/Sam_final_dataset/Audio/voice_all_files/genuine/replay_recording_files/1769879150923-hkfhersf7f4-audio.wav,genuine,0
1769879312929-njjzxjw5exi-audio.wav,/content/drive/MyDrive/Final_Dataset/Sam_final_dataset/Audio/voice_all_files/genuine/replay_recording_files/1769879312929-njjzxjw5exi-audio.wav,genuine,0
1769879335590-h4i23wgvh1-audio.wav,/content/drive/MyDrive/Final_Dataset/Sam_final_dataset/Audio/voice_all_files/genuine/replay_recording_files/1769879335590-h4i23wgvh1-audio.wav,genuine,0
1769879343973-swgzenlw3kf-audio.wav,/content/drive/MyDrive/Final_Dataset/Sam_final_dataset/Audio/voice_all_files/genuine/replay_recording_files/1769879343973-swgzenlw3kf-audio.wav,genuine,0
1769879360406-8jjjz3sml6l-audio.wav,/content/drive/MyDrive/Final_Dataset/Sam_final_dataset/Audio/voice_all_files/genuine/replay_recording_files/1769879360406-8jjjz3sml6l-audio.wav,genuine,0
1769879665020-z2hehrkreh-audio.wav,/content/drive/MyDrive/Final_Dataset/Sam_final_dataset/Audio/voice_all_files/genuine/replay_recording_files/1769879665020-z2hehrkreh-audio.wav,genuine,0
1769884198839-gbpaaesaa4-audio.wav,/content/drive/MyDrive/Final_Dataset/Sam_final_dataset/Audio/voice_all_files/genuine/replay_recording_files/1769884198839-gbpaaesaa4-audio.wav,genuine,0
1769921310778-vis108tj3r-audio.wav,/content/drive/MyDrive/Final_Dataset/Sam_final_dataset/Audio/voice_all_files/genuine/replay_recording_files/1769921310778-vis108tj3r-audio.wav,genuine,0
1770003685383-va6cgq2e3pc-audio.wav,/content/drive/MyDrive/Final_Dataset/Sam_final_dataset/Audio/voice_all_files/genuine/replay_recording_files/1770003685383-va6cgq2e3pc-audio.wav,genuine,0
1770006660690-9qwgjvmdp8-audio.wav,/content/drive/MyDrive/Final_Dataset/Sam_final_dataset/Audio/voice_all_files/genuine/replay_recording_files/1770006660690-9qwgjvmdp8-audio.wav,genuine,0
1770007156022-abb32n6ywev-audio.wav,/content/drive/MyDrive/Final_Dataset/Sam_final_dataset/Audio/voice_all_files/genuine/replay_recording_files/1770007156022-abb32n6ywev-audio.wav,genuine,0
1770008423822-5ek366c1tyi-audio.wav,/content/drive/MyDrive/Final_Dataset/Sam_final_dataset/Audio/voice_all_files/genuine/replay_recording_files/1770008423822-5ek366c1tyi-audio.wav,genuine,0
1770008603482-ya1pblgtah-audio.wav,/content/drive/MyDrive/Final_Dataset/Sam_final_dataset/Audio/voice_all_files/genuine/replay_recording_files/1770008603482-ya1pblgtah-audio.wav,genuine,0
1770009483447-nvcdq2mqqa-audio.wav,/content/drive/MyDrive/Final_Dataset/Sam_final_dataset/Audio/voice_all_files/genuine/replay_recording_files/1770009483447-nvcdq2mqqa-audio.wav,genuine,0
1770016503680-7cdim9wd80u-audio.wav,/content/drive/MyDrive/Final_Dataset/Sam_final_dataset/Audio/voice_all_files/genuine/replay_recording_files/1770016503680-7cdim9wd80u-audio.wav,genuine,0
1770028923875-1hygdlyttxt-audio.wav,/content/drive/MyDrive/Final_Dataset/Sam_final_dataset/Audio/voice_all_files/genuine/replay_recording_files/1770028923875-1hygdlyttxt-audio.wav,genuine,0
1770087965227-1baaery53s3i-audio.wav,/content/drive/MyDrive/Final_Dataset/Sam_final_dataset/Audio/voice_all_files/genuine/replay_recording_files/1770087965227-1baaery53s3i-audio.wav,genuine,0
1770088530588-5efqabvflf3-audio.wav,/content/drive/MyDrive/Final_Dataset/Sam_final_dataset/Audio/voice_all_files/genuine/replay_recording_files/1770088530588-5efqabvflf3-audio.wav,genuine,0
1770091464869-c2tvb9pzrw-audio.wav,/content/drive/MyDrive/Final_Dataset/Sam_final_dataset/Audio/voice_all_files/genuine/replay_recording_files/1770091464869-c2tvb9pzrw-audio.wav,genuine,0
aadhavan-arkhash-saravanakumar-1770480430526-gux0gs1ja2r-audio.wav,/content/drive/MyDrive/Final_Dataset/Sam_final_dataset/Audio/voice_all_files/genuine/replay_recording_files/aadhavan-arkhash-saravanakumar-1770480430526-gux0gs1ja2r-audio.wav,genuine,0
abinanth-sivagnanam-1770213756748-gezlecdaxw6-audio.wav,/content/drive/MyDrive/Final_Dataset/Sam_final_dataset/Audio/voice_all_files/genuine/replay_recording_files/abinanth-sivagnanam-1770213756748-gezlecdaxw6-audio.wav,genuine,0
akeshan-1770583681000-kkbdy2g8w6-audio.wav,/content/drive/MyDrive/Final_Dataset/Sam_final_dataset/Audio/voice_all_files/genuine/replay_recording_files/akeshan-1770583681000-kkbdy2g8w6-audio.wav,genuine,0
akram-gazali-1770445800354-dydxxootb0g-audio.wav,/content/drive/MyDrive/Final_Dataset/Sam_final_dataset/Audio/voice_all_files/genuine/replay_recording_files/akram-gazali-1770445800354-dydxxootb0g-audio.wav,genuine,0
aksha-r-1770445820698-5jlwq1lbbr3-audio.wav,/content/drive/MyDrive/Final_Dataset/Sam_final_dataset/Audio/voice_all_files/genuine/replay_recording_files/aksha-r-1770445820698-5jlwq1lbbr3-audio.wav,genuine,0
aksheya-1770477453315-sydj4jcvtoi-audio.wav,/content/drive/MyDrive/Final_Dataset/Sam_final_dataset/Audio/voice_all_files/genuine/replay_recording_files/aksheya-1770477453315-sydj4jcvtoi-audio.wav,genuine,0
ama-athukorale-1770188000031-tgsearqo8in-audio.wav,/content/drive/MyDrive/Final_Dataset/Sam_final_dataset/Audio/voice_all_files/genuine/replay_recording_files/ama-athukorale-1770188000031-tgsearqo8in-audio.wav,genuine,0
amashan-weerasinghe-1770203841157-kds0yz9v9pc-audio.wav,/content/drive/MyDrive/Final_Dataset/Sam_final_dataset/Audio/voice_all_files/genuine/replay_recording_files/amashan-weerasinghe-1770203841157-kds0yz9v9pc-audio.wav,genuine,0
anika-mohamed-1770445861794-kxwd18re9zl-audio.wav,/content/drive/MyDrive/Final_Dataset/Sam_final_dataset/Audio/voice_all_files/genuine/replay_recording_files/anika-mohamed-1770445861794-kxwd18re9zl-audio.wav,genuine,0
aqeel-1770445688899-ccc0rshi3rk-audio.wav,/content/drive/MyDrive/Final_Dataset/Sam_final_dataset/Audio/voice_all_files/genuine/replay_recording_files/aqeel-1770445688899-ccc0rshi3rk-audio.wav,genuine,0
arfadh-iqbal-1770213558801-94lwdsmh206-audio.wav,/content/drive/MyDrive/Final_Dataset/Sam_final_dataset/Audio/voice_all_files/genuine/replay_recording_files/arfadh-iqbal-1770213558801-94lwdsmh206-audio.wav,genuine,0
atheeq-1770445874461-1iz3m8cia2s-audio.wav,/content/drive/MyDrive/Final_Dataset/Sam_final_dataset/Audio/voice_all_files/genuine/replay_recording_files/atheeq-1770445874461-1iz3m8cia2s-audio.wav,genuine,0
avinash-jeevaratnam-1770301049346-y55avo4p2vi-audio.wav,/content/drive/MyDrive/Final_Dataset/Sam_final_dataset/Audio/voice_all_files/genuine/replay_recording_files/avinash-jeevaratnam-1770301049346-y55avo4p2vi-audio.wav,genuine,0
bumila-1770373366116-r51tkvhsstn-audio.wav,/content/drive/MyDrive/Final_Dataset/Sam_final_dataset/Audio/voice_all_files/genuine/replay_recording_files/bumila-1770373366116-r51tkvhsstn-audio.wav,genuine,0
christopher-columbus-1770219484810-1bu87g29rsv-audio.wav,/content/drive/MyDrive/Final_Dataset/Sam_final_dataset/Audio/voice_all_files/genuine/replay_recording_files/christopher-columbus-1770219484810-1bu87g29rsv-audio.wav,genuine,0
dharushana-manohar-1770626604878-066mir6831a-audio.wav,/content/drive/MyDrive/Final_Dataset/Sam_final_dataset/Audio/voice_all_files/genuine/replay_recording_files/dharushana-manohar-1770626604878-066mir6831a-audio.wav,genuine,0
dileepa-1770445599693-7lt1392nm79-audio.wav,/content/drive/MyDrive/Final_Dataset/Sam_final_dataset/Audio/voice_all_files/genuine/replay_recording_files/dileepa-1770445599693-7lt1392nm79-audio.wav,genuine,0
dinushi-wanniarachchi-1771183279674-6f82c2f9ntw-audio.wav,/content/drive/MyDrive/Final_Dataset/Sam_final_dataset/Audio/voice_all_files/genuine/replay_recording_files/dinushi-wanniarachchi-1771183279674-6f82c2f9ntw-audio.wav,genuine,0
dwayne-ramsay-1770725471062-pvz0nwke0cp-audio.wav,/content/drive/MyDrive/Final_Dataset/Sam_final_dataset/Audio/voice_all_files/genuine/replay_recording_files/dwayne-ramsay-1770725471062-pvz0nwke0cp-audio.wav,genuine,0
geethma-1770445725922-tdkizfxm2c-audio.wav,/content/drive/MyDrive/Final_Dataset/Sam_final_dataset/Audio/voice_all_files/genuine/replay_recording_files/geethma-1770445725922-tdkizfxm2c-audio.wav,genuine,0
harsha-vidanagamage-1770445678086-i9c4dief63s-audio.wav,/content/drive/MyDrive/Final_Dataset/Sam_final_dataset/Audio/voice_all_files/genuine/replay_recording_files/harsha-vidanagamage-1770445678086-i9c4dief63s-audio.wav,genuine,0
ihaveaprettygf-1770282071874-i2g3l36xe6i-audio.wav,/content/drive/MyDrive/Final_Dataset/Sam_final_dataset/Audio/voice_all_files/genuine/replay_recording_files/ihaveaprettygf-1770282071874-i2g3l36xe6i-audio.wav,genuine,0
ihaveaprettygf-1770284006333-ti69byvmcm-audio.wav,/content/drive/MyDrive/Final_Dataset/Sam_final_dataset/Audio/voice_all_files/genuine/replay_recording_files/ihaveaprettygf-1770284006333-ti69byvmcm-audio.wav,genuine,0
ishra-1770264476143-7c73w91utzk-audio.wav,/content/drive/MyDrive/Final_Dataset/Sam_final_dataset/Audio/voice_all_files/genuine/replay_recording_files/ishra-1770264476143-7c73w91utzk-audio.wav,genuine,0
isuru-udayakumara-1770217090325-2egusipenph-audio.wav,/content/drive/MyDrive/Final_Dataset/Sam_final_dataset/Audio/voice_all_files/genuine/replay_recording_files/isuru-udayakumara-1770217090325-2egusipenph-audio.wav,genuine,0
jothiswary-jeevaratnam-1771427934194-be6qwar06q9-audio.wav,/content/drive/MyDrive/Final_Dataset/Sam_final_dataset/Audio/voice_all_files/genuine/replay_recording_files/jothiswary-jeevaratnam-1771427934194-be6qwar06q9-audio.wav,genuine,0
kusal-1770445694876-9ahtrz67nb5-audio.wav,/content/drive/MyDrive/Final_Dataset/Sam_final_dataset/Audio/voice_all_files/genuine/replay_recording_files/kusal-1770445694876-9ahtrz67nb5-audio.wav,genuine,0
lakshan-20221470-iit-ac-lk-1770301365487-byvhk57rws-audio.wav,/content/drive/MyDrive/Final_Dataset/Sam_final_dataset/Audio/voice_all_files/genuine/replay_recording_files/lakshan-20221470-iit-ac-lk-1770301365487-byvhk57rws-audio.wav,genuine,0
lawanya-gunawardena-1770445671449-gz2dwbwj91j-audio.wav,/content/drive/MyDrive/Final_Dataset/Sam_final_dataset/Audio/voice_all_files/genuine/replay_recording_files/lawanya-gunawardena-1770445671449-gz2dwbwj91j-audio.wav,genuine,0
madhumitha-balajeyandhan-1770206737552-7b84if03p6b-audio.wav,/content/drive/MyDrive/Final_Dataset/Sam_final_dataset/Audio/voice_all_files/genuine/replay_recording_files/madhumitha-balajeyandhan-1770206737552-7b84if03p6b-audio.wav,genuine,0
maleesha-dewmini-1770445718682-feaylk2v696-audio.wav,/content/drive/MyDrive/Final_Dataset/Sam_final_dataset/Audio/voice_all_files/genuine/replay_recording_files/maleesha-dewmini-1770445718682-feaylk2v696-audio.wav,genuine,0
manith-wijesinghe-1770445706558-cxjw709ki8-audio.wav,/content/drive/MyDrive/Final_Dataset/Sam_final_dataset/Audio/voice_all_files/genuine/replay_recording_files/manith-wijesinghe-1770445706558-cxjw709ki8-audio.wav,genuine,0
methul-1770446113415-851a51rt5u4-audio.wav,/content/drive/MyDrive/Final_Dataset/Sam_final_dataset/Audio/voice_all_files/genuine/replay_recording_files/methul-1770446113415-851a51rt5u4-audio.wav,genuine,0
mohammed-mufthi-1770380281105-mdwuzashsa-audio.wav,/content/drive/MyDrive/Final_Dataset/Sam_final_dataset/Audio/voice_all_files/genuine/replay_recording_files/mohammed-mufthi-1770380281105-mdwuzashsa-audio.wav,genuine,0
nihil-hesara-1770445663719-yykw6xau3x-audio.wav,/content/drive/MyDrive/Final_Dataset/Sam_final_dataset/Audio/voice_all_files/genuine/replay_recording_files/nihil-hesara-1770445663719-yykw6xau3x-audio.wav,genuine,0
nilupul-1770380346480-75g9zdhz72j-audio.wav,/content/drive/MyDrive/Final_Dataset/Sam_final_dataset/Audio/voice_all_files/genuine/replay_recording_files/nilupul-1770380346480-75g9zdhz72j-audio.wav,genuine,0
nina-abeyratne-1770190438442-qpuieazzqee-audio.wav,/content/drive/MyDrive/Final_Dataset/Sam_final_dataset/Audio/voice_all_files/genuine/replay_recording_files/nina-abeyratne-1770190438442-qpuieazzqee-audio.wav,genuine,0
nuha-anas-1770480823736-i9brl5czgw-audio.wav,/content/drive/MyDrive/Final_Dataset/Sam_final_dataset/Audio/voice_all_files/genuine/replay_recording_files/nuha-anas-1770480823736-i9brl5czgw-audio.wav,genuine,0
oshini-godapitiyage-1770445434966-vjnehaefwq-audio.wav,/content/drive/MyDrive/Final_Dataset/Sam_final_dataset/Audio/voice_all_files/genuine/replay_recording_files/oshini-godapitiyage-1770445434966-vjnehaefwq-audio.wav,genuine,0
oveena-widyaratne-1770363421497-xkdtwb6r5t-audio.wav,/content/drive/MyDrive/Final_Dataset/Sam_final_dataset/Audio/voice_all_files/genuine/replay_recording_files/oveena-widyaratne-1770363421497-xkdtwb6r5t-audio.wav,genuine,0
poornima-dunusingha-1770445678567-i71ayyh340i-audio.wav,/content/drive/MyDrive/Final_Dataset/Sam_final_dataset/Audio/voice_all_files/genuine/replay_recording_files/poornima-dunusingha-1770445678567-i71ayyh340i-audio.wav,genuine,0
prabhashan-1770380045217-37yshqp9c7a-audio.wav,/content/drive/MyDrive/Final_Dataset/Sam_final_dataset/Audio/voice_all_files/genuine/replay_recording_files/prabhashan-1770380045217-37yshqp9c7a-audio.wav,genuine,0
pradeep-periyasamy-1770301371712-34a8ac6kmjn-audio.wav,/content/drive/MyDrive/Final_Dataset/Sam_final_dataset/Audio/voice_all_files/genuine/replay_recording_files/pradeep-periyasamy-1770301371712-34a8ac6kmjn-audio.wav,genuine,0
pragash-sasitharan-1770557958937-o7zm1xx7z5-audio.wav,/content/drive/MyDrive/Final_Dataset/Sam_final_dataset/Audio/voice_all_files/genuine/replay_recording_files/pragash-sasitharan-1770557958937-o7zm1xx7z5-audio.wav,genuine,0
praneepa-ekanayake-1770445724370-av9t2z74m8g-audio.wav,/content/drive/MyDrive/Final_Dataset/Sam_final_dataset/Audio/voice_all_files/genuine/replay_recording_files/praneepa-ekanayake-1770445724370-av9t2z74m8g-audio.wav,genuine,0
priyanka-chandrakanthan-1770445612934-h9m47dgoghs-audio.wav,/content/drive/MyDrive/Final_Dataset/Sam_final_dataset/Audio/voice_all_files/genuine/replay_recording_files/priyanka-chandrakanthan-1770445612934-h9m47dgoghs-audio.wav,genuine,0
ranugi-thihansa-1770445648100-ok0k52ovsd7-audio.wav,/content/drive/MyDrive/Final_Dataset/Sam_final_dataset/Audio/voice_all_files/genuine/replay_recording_files/ranugi-thihansa-1770445648100-ok0k52ovsd7-audio.wav,genuine,0
ravindu-sankalpa-1770445780786-y222a26roh-audio.wav,/content/drive/MyDrive/Final_Dataset/Sam_final_dataset/Audio/voice_all_files/genuine/replay_recording_files/ravindu-sankalpa-1770445780786-y222a26roh-audio.wav,genuine,0
samrithaa-jeevaratnam-1771426980393-nzuzo8hi3mr-audio.wav,/content/drive/MyDrive/Final_Dataset/Sam_final_dataset/Audio/voice_all_files/genuine/replay_recording_files/samrithaa-jeevaratnam-1771426980393-nzuzo8hi3mr-audio.wav,genuine,0
sivagnanam-mayuran-1770646563111-v924d5zyos-audio.wav,/content/drive/MyDrive/Final_Dataset/Sam_final_dataset/Audio/voice_all_files/genuine/replay_recording_files/sivagnanam-mayuran-1770646563111-v924d5zyos-audio.wav,genuine,0
sowmiya-jeevaratnam-1771401489025-xvnbmzb9e8a-audio.wav,/content/drive/MyDrive/Final_Dataset/Sam_final_dataset/Audio/voice_all_files/genuine/replay_recording_files/sowmiya-jeevaratnam-1771401489025-xvnbmzb9e8a-audio.wav,genuine,0
supun-kanakarathna-1770217531977-wk28pni9c7d-audio.wav,/content/drive/MyDrive/Final_Dataset/Sam_final_dataset/Audio/voice_all_files/genuine/replay_recording_files/supun-kanakarathna-1770217531977-wk28pni9c7d-audio.wav,genuine,0
thaksharan-pushpakanthan-1770445750525-ngqmw95sj0f-audio.wav,/content/drive/MyDrive/Final_Dataset/Sam_final_dataset/Audio/voice_all_files/genuine/replay_recording_files/thaksharan-pushpakanthan-1770445750525-ngqmw95sj0f-audio.wav,genuine,0
thalal-1770445832350-qzmc72ma2f-audio.wav,/content/drive/MyDrive/Final_Dataset/Sam_final_dataset/Audio/voice_all_files/genuine/replay_recording_files/thalal-1770445832350-qzmc72ma2f-audio.wav,genuine,0
tharusha-jayawardena-1770445889394-2vsu5ezjjh-audio.wav,/content/drive/MyDrive/Final_Dataset/Sam_final_dataset/Audio/voice_all_files/genuine/replay_recording_files/tharusha-jayawardena-1770445889394-2vsu5ezjjh-audio.wav,genuine,0
thrilochana-1770445940637-wtibtljxuzm-audio.wav,/content/drive/MyDrive/Final_Dataset/Sam_final_dataset/Audio/voice_all_files/genuine/replay_recording_files/thrilochana-1770445940637-wtibtljxuzm-audio.wav,genuine,0
thrishanthini-1770633262075-k6u2io4qolo-audio.wav,/content/drive/MyDrive/Final_Dataset/Sam_final_dataset/Audio/voice_all_files/genuine/replay_recording_files/thrishanthini-1770633262075-k6u2io4qolo-audio.wav,genuine,0
thrishonika-sivarajah-1770445863400-3hz9dnvpov-audio.wav,/content/drive/MyDrive/Final_Dataset/Sam_final_dataset/Audio/voice_all_files/genuine/replay_recording_files/thrishonika-sivarajah-1770445863400-3hz9dnvpov-audio.wav,genuine,0
thyaga-1770445696295-sok7mjzb8d8-audio.wav,/content/drive/MyDrive/Final_Dataset/Sam_final_dataset/Audio/voice_all_files/genuine/replay_recording_files/thyaga-1770445696295-sok7mjzb8d8-audio.wav,genuine,0
uditha-karawita-1770259504525-yq212ny4ozl-audio.wav,/content/drive/MyDrive/Final_Dataset/Sam_final_dataset/Audio/voice_all_files/genuine/replay_recording_files/uditha-karawita-1770259504525-yq212ny4ozl-audio.wav,genuine,0
umair-1770445787080-lqw56ag66w-audio.wav,/content/drive/MyDrive/Final_Dataset/Sam_final_dataset/Audio/voice_all_files/genuine/replay_recording_files/umair-1770445787080-lqw56ag66w-audio.wav,genuine,0
vihangi-wickramathilaka-1770445658387-z0i6uvj0r2h-audio.wav,/content/drive/MyDrive/Final_Dataset/Sam_final_dataset/Audio/voice_all_files/genuine/replay_recording_files/vihangi-wickramathilaka-1770445658387-z0i6uvj0r2h-audio.wav,genuine,0
vijayakalyani-balajeyandhan-1771049545786-xcfsda9eado-audio.wav,/content/drive/MyDrive/Final_Dataset/Sam_final_dataset/Audio/voice_all_files/genuine/replay_recording_files/vijayakalyani-balajeyandhan-1771049545786-xcfsda9eado-audio.wav,genuine,0
yuresh-anjana-1770218434339-0208d18knkyy-audio.wav,/content/drive/MyDrive/Final_Dataset/Sam_final_dataset/Audio/voice_all_files/genuine/replay_recording_files/yuresh-anjana-1770218434339-0208d18knkyy-audio.wav,genuine,0
1770016503680-7cdim9wd80u-audio_RA.webm.wav,/content/drive/MyDrive/Final_Dataset/Sam_final_dataset/Audio/replay_attacks_wav/1770016503680-7cdim9wd80u-audio_RA.webm.wav,replay,1
1769879335590-h4i23wgvh1-audio_RA.webm.wav,/content/drive/MyDrive/Final_Dataset/Sam_final_dataset/Audio/replay_attacks_wav/1769879335590-h4i23wgvh1-audio_RA.webm.wav,replay,1
avinash-jeevaratnam-1770301049346-y55avo4p2vi-audio_RA.wav,/content/drive/MyDrive/Final_Dataset/Sam_final_dataset/Audio/replay_attacks_wav/avinash-jeevaratnam-1770301049346-y55avo4p2vi-audio_RA.wav,replay,1
abinanth-sivagnanam-1770213756748-gezlecdaxw6-audio_RA.wav,/content/drive/MyDrive/Final_Dataset/Sam_final_dataset/Audio/replay_attacks_wav/abinanth-sivagnanam-1770213756748-gezlecdaxw6-audio_RA.wav,replay,1
dharushana-manohar-1770626604878-066mir6831a-audio_RA.wav,/content/drive/MyDrive/Final_Dataset/Sam_final_dataset/Audio/replay_attacks_wav/dharushana-manohar-1770626604878-066mir6831a-audio_RA.wav,replay,1
aksha-r-1770445820698-5jlwq1lbbr3-audio_RA.wav,/content/drive/MyDrive/Final_Dataset/Sam_final_dataset/Audio/replay_attacks_wav/aksha-r-1770445820698-5jlwq1lbbr3-audio_RA.wav,replay,1
1769877746312-17s72lus0oz-audio_RA.wav,/content/drive/MyDrive/Final_Dataset/Sam_final_dataset/Audio/replay_attacks_wav/1769877746312-17s72lus0oz-audio_RA.wav,replay,1
ravindu-sankalpa-1770445780786-y222a26roh-audio_RA.wav,/content/drive/MyDrive/Final_Dataset/Sam_final_dataset/Audio/replay_attacks_wav/ravindu-sankalpa-1770445780786-y222a26roh-audio_RA.wav,replay,1
thyaga-1770445696295-sok7mjzb8d8-audio_RA.wav,/content/drive/MyDrive/Final_Dataset/Sam_final_dataset/Audio/replay_attacks_wav/thyaga-1770445696295-sok7mjzb8d8-audio_RA.wav,replay,1
nuha-anas-1770480823736-i9brl5czgw-audio_RA.wav,/content/drive/MyDrive/Final_Dataset/Sam_final_dataset/Audio/replay_attacks_wav/nuha-anas-1770480823736-i9brl5czgw-audio_RA.wav,replay,1
1769877763904-77llgv23pb-audio_RA.wav,/content/drive/MyDrive/Final_Dataset/Sam_final_dataset/Audio/replay_attacks_wav/1769877763904-77llgv23pb-audio_RA.wav,replay,1
1769877790574-jkkmpefnz4k-audio_RA.wav,/content/drive/MyDrive/Final_Dataset/Sam_final_dataset/Audio/replay_attacks_wav/1769877790574-jkkmpefnz4k-audio_RA.wav,replay,1
1769877813423-fzmq80fcxer-audio_RA.wav,/content/drive/MyDrive/Final_Dataset/Sam_final_dataset/Audio/replay_attacks_wav/1769877813423-fzmq80fcxer-audio_RA.wav,replay,1
1769878049059-og3cfyph5x-audio_RA.wav,/content/drive/MyDrive/Final_Dataset/Sam_final_dataset/Audio/replay_attacks_wav/1769878049059-og3cfyph5x-audio_RA.wav,replay,1
1769884198839-gbpaaesaa4-audio_RA.wav,/content/drive/MyDrive/Final_Dataset/Sam_final_dataset/Audio/replay_attacks_wav/1769884198839-gbpaaesaa4-audio_RA.wav,replay,1
1769878028731-w45lijinp1k-audio_RA.wav,/content/drive/MyDrive/Final_Dataset/Sam_final_dataset/Audio/replay_attacks_wav/1769878028731-w45lijinp1k-audio_RA.wav,replay,1
akeshan-1770583681000-kkbdy2g8w6-audio_RA.wav,/content/drive/MyDrive/Final_Dataset/Sam_final_dataset/Audio/replay_attacks_wav/akeshan-1770583681000-kkbdy2g8w6-audio_RA.wav,replay,1
1770088530588-5efqabvflf3-audio_RA.wav,/content/drive/MyDrive/Final_Dataset/Sam_final_dataset/Audio/replay_attacks_wav/1770088530588-5efqabvflf3-audio_RA.wav,replay,1
amashan-weerasinghe-1770203841157-kds0yz9v9pc-audio_RA.wav,/content/drive/MyDrive/Final_Dataset/Sam_final_dataset/Audio/replay_attacks_wav/amashan-weerasinghe-1770203841157-kds0yz9v9pc-audio_RA.wav,replay,1
atheeq-1770445874461-1iz3m8cia2s-audio_RA.wav,/content/drive/MyDrive/Final_Dataset/Sam_final_dataset/Audio/replay_attacks_wav/atheeq-1770445874461-1iz3m8cia2s-audio_RA.wav,replay,1
1770087965227-1baaery53s3i-audio_RA.wav,/content/drive/MyDrive/Final_Dataset/Sam_final_dataset/Audio/replay_attacks_wav/1770087965227-1baaery53s3i-audio_RA.wav,replay,1
ishra-1770264476143-7c73w91utzk-audio_RA.wav,/content/drive/MyDrive/Final_Dataset/Sam_final_dataset/Audio/replay_attacks_wav/ishra-1770264476143-7c73w91utzk-audio_RA.wav,replay,1
kusal-1770445694876-9ahtrz67nb5-audio_RA.wav,/content/drive/MyDrive/Final_Dataset/Sam_final_dataset/Audio/replay_attacks_wav/kusal-1770445694876-9ahtrz67nb5-audio_RA.wav,replay,1
poornima-dunusingha-1770445678567-i71ayyh340i-audio_RA.wav,/content/drive/MyDrive/Final_Dataset/Sam_final_dataset/Audio/replay_attacks_wav/poornima-dunusingha-1770445678567-i71ayyh340i-audio_RA.wav,replay,1
thrilochana-1770445940637-wtibtljxuzm-audio_RA.wav,/content/drive/MyDrive/Final_Dataset/Sam_final_dataset/Audio/replay_attacks_wav/thrilochana-1770445940637-wtibtljxuzm-audio_RA.wav,replay,1
nina-abeyratne-1770190104402-lqe67xycnml-audio_RA.wav,/content/drive/MyDrive/Final_Dataset/Sam_final_dataset/Audio/replay_attacks_wav/nina-abeyratne-1770190104402-lqe67xycnml-audio_RA.wav,replay,1
uditha-karawita-1770259504525-yq212ny4ozl-audio_RA.wav,/content/drive/MyDrive/Final_Dataset/Sam_final_dataset/Audio/replay_attacks_wav/uditha-karawita-1770259504525-yq212ny4ozl-audio_RA.wav,replay,1
1769877768525-icimbs5yvns-audio_RA.wav,/content/drive/MyDrive/Final_Dataset/Sam_final_dataset/Audio/replay_attacks_wav/1769877768525-icimbs5yvns-audio_RA.wav,replay,1
thrishanthini-1770632791817-987hosg234d-audio_RA.wav,/content/drive/MyDrive/Final_Dataset/Sam_final_dataset/Audio/replay_attacks_wav/thrishanthini-1770632791817-987hosg234d-audio_RA.wav,replay,1
1769877793417-ogm26iebr1n-audio_RA.wav,/content/drive/MyDrive/Final_Dataset/Sam_final_dataset/Audio/replay_attacks_wav/1769877793417-ogm26iebr1n-audio_RA.wav,replay,1
1769878005554-ul2tq32hw5g-audio_RA.wav,/content/drive/MyDrive/Final_Dataset/Sam_final_dataset/Audio/replay_attacks_wav/1769878005554-ul2tq32hw5g-audio_RA.wav,replay,1
1769878323445-9htttm85m8a-audio_RA.wav,/content/drive/MyDrive/Final_Dataset/Sam_final_dataset/Audio/replay_attacks_wav/1769878323445-9htttm85m8a-audio_RA.wav,replay,1
1769878532354-0sianq32je2-audio_RA.wav,/content/drive/MyDrive/Final_Dataset/Sam_final_dataset/Audio/replay_attacks_wav/1769878532354-0sianq32je2-audio_RA.wav,replay,1
anika-mohamed-1770445861794-kxwd18re9zl-audio_RA.wav,/content/drive/MyDrive/Final_Dataset/Sam_final_dataset/Audio/replay_attacks_wav/anika-mohamed-1770445861794-kxwd18re9zl-audio_RA.wav,replay,1
1769879032156-o2qh72vloxb-audio_RA.wav,/content/drive/MyDrive/Final_Dataset/Sam_final_dataset/Audio/replay_attacks_wav/1769879032156-o2qh72vloxb-audio_RA.wav,replay,1
1770007156022-abb32n6ywev-audio_RA.wav,/content/drive/MyDrive/Final_Dataset/Sam_final_dataset/Audio/replay_attacks_wav/1770007156022-abb32n6ywev-audio_RA.wav,replay,1
bumila-1770373366116-r51tkvhsstn-audio_RA.wav,/content/drive/MyDrive/Final_Dataset/Sam_final_dataset/Audio/replay_attacks_wav/bumila-1770373366116-r51tkvhsstn-audio_RA.wav,replay,1
aadhavan-arkhash-saravanakumar-1770480430526-gux0gs1ja2r-audio_RA.wav,/content/drive/MyDrive/Final_Dataset/Sam_final_dataset/Audio/replay_attacks_wav/aadhavan-arkhash-saravanakumar-1770480430526-gux0gs1ja2r-audio_RA.wav,replay,1
dinushi-wanniarachchi-1771183279674-6f82c2f9ntw-audio_RA.wav,/content/drive/MyDrive/Final_Dataset/Sam_final_dataset/Audio/replay_attacks_wav/dinushi-wanniarachchi-1771183279674-6f82c2f9ntw-audio_RA.wav,replay,1
christopher-columbus-1770219484810-1bu87g29rsv-audio_RA.wav,/content/drive/MyDrive/Final_Dataset/Sam_final_dataset/Audio/replay_attacks_wav/christopher-columbus-1770219484810-1bu87g29rsv-audio_RA.wav,replay,1
ihaveaprettygf-1770282071874-i2g3l36xe6i-audio_RA.wav,/content/drive/MyDrive/Final_Dataset/Sam_final_dataset/Audio/replay_attacks_wav/ihaveaprettygf-1770282071874-i2g3l36xe6i-audio_RA.wav,replay,1
oshini-godapitiyage-1770445434966-vjnehaefwq-audio_RA.wav,/content/drive/MyDrive/Final_Dataset/Sam_final_dataset/Audio/replay_attacks_wav/oshini-godapitiyage-1770445434966-vjnehaefwq-audio_RA.wav,replay,1
ihaveaprettygf-1770284006333-ti69byvmcm-audio_RA.wav,/content/drive/MyDrive/Final_Dataset/Sam_final_dataset/Audio/replay_attacks_wav/ihaveaprettygf-1770284006333-ti69byvmcm-audio_RA.wav,replay,1
priyanka-chandrakanthan-1770445612934-h9m47dgoghs-audio_RA.wav,/content/drive/MyDrive/Final_Dataset/Sam_final_dataset/Audio/replay_attacks_wav/priyanka-chandrakanthan-1770445612934-h9m47dgoghs-audio_RA.wav,replay,1
sowmiya-jeevaratnam-1771401489025-xvnbmzb9e8a-audio_RA.wav,/content/drive/MyDrive/Final_Dataset/Sam_final_dataset/Audio/replay_attacks_wav/sowmiya-jeevaratnam-1771401489025-xvnbmzb9e8a-audio_RA.wav,replay,1
umair-1770445787080-lqw56ag66w-audio_RA.wav,/content/drive/MyDrive/Final_Dataset/Sam_final_dataset/Audio/replay_attacks_wav/umair-1770445787080-lqw56ag66w-audio_RA.wav,replay,1
yuresh-anjana-1770218434339-0208d18knkyy-audio_RA.wav,/content/drive/MyDrive/Final_Dataset/Sam_final_dataset/Audio/replay_attacks_wav/yuresh-anjana-1770218434339-0208d18knkyy-audio_RA.wav,replay,1
1769582224434-2n71gdsz237-audio_RA.wav,/content/drive/MyDrive/Final_Dataset/Sam_final_dataset/Audio/replay_attacks_wav/1769582224434-2n71gdsz237-audio_RA.wav,replay,1
1769656704608-ef07jxxzhzn-audio_RA.wav,/content/drive/MyDrive/Final_Dataset/Sam_final_dataset/Audio/replay_attacks_wav/1769656704608-ef07jxxzhzn-audio_RA.wav,replay,1
1769715316109-lepldmgac6-audio_RA.wav,/content/drive/MyDrive/Final_Dataset/Sam_final_dataset/Audio/replay_attacks_wav/1769715316109-lepldmgac6-audio_RA.wav,replay,1
1769680362558-n9br5ma9t5p-audio_RA.wav,/content/drive/MyDrive/Final_Dataset/Sam_final_dataset/Audio/replay_attacks_wav/1769680362558-n9br5ma9t5p-audio_RA.wav,replay,1
1769865631974-5vswlopqn38-audio_RA.wav,/content/drive/MyDrive/Final_Dataset/Sam_final_dataset/Audio/replay_attacks_wav/1769865631974-5vswlopqn38-audio_RA.wav,replay,1
1769877776957-cfu3881h8h4-audio_RA.wav,/content/drive/MyDrive/Final_Dataset/Sam_final_dataset/Audio/replay_attacks_wav/1769877776957-cfu3881h8h4-audio_RA.wav,replay,1
1769877785185-0we92xpmfk1-audio_RA.wav,/content/drive/MyDrive/Final_Dataset/Sam_final_dataset/Audio/replay_attacks_wav/1769877785185-0we92xpmfk1-audio_RA.wav,replay,1
1769877799465-s8yspj7o21s-audio_RA.wav,/content/drive/MyDrive/Final_Dataset/Sam_final_dataset/Audio/replay_attacks_wav/1769877799465-s8yspj7o21s-audio_RA.wav,replay,1
1769877786806-vedpgl0db5r-audio_RA.wav,/content/drive/MyDrive/Final_Dataset/Sam_final_dataset/Audio/replay_attacks_wav/1769877786806-vedpgl0db5r-audio_RA.wav,replay,1
1769877877349-6ubslfaljz6-audio_RA.wav,/content/drive/MyDrive/Final_Dataset/Sam_final_dataset/Audio/replay_attacks_wav/1769877877349-6ubslfaljz6-audio_RA.wav,replay,1
1769878825283-hbqx1z44dyq-audio_RA.wav,/content/drive/MyDrive/Final_Dataset/Sam_final_dataset/Audio/replay_attacks_wav/1769878825283-hbqx1z44dyq-audio_RA.wav,replay,1
1769877836738-ngh2n3zgsbb-audio_RA.wav,/content/drive/MyDrive/Final_Dataset/Sam_final_dataset/Audio/replay_attacks_wav/1769877836738-ngh2n3zgsbb-audio_RA.wav,replay,1
1769879131222-u883itot1y-audio_RA.wav,/content/drive/MyDrive/Final_Dataset/Sam_final_dataset/Audio/replay_attacks_wav/1769879131222-u883itot1y-audio_RA.wav,replay,1
1769879360406-8jjjz3sml6l-audio_RA.wav,/content/drive/MyDrive/Final_Dataset/Sam_final_dataset/Audio/replay_attacks_wav/1769879360406-8jjjz3sml6l-audio_RA.wav,replay,1
1769879150923-hkfhersf7f4-audio_RA.wav,/content/drive/MyDrive/Final_Dataset/Sam_final_dataset/Audio/replay_attacks_wav/1769879150923-hkfhersf7f4-audio_RA.wav,replay,1
1770003685383-va6cgq2e3pc-audio_RA.wav,/content/drive/MyDrive/Final_Dataset/Sam_final_dataset/Audio/replay_attacks_wav/1770003685383-va6cgq2e3pc-audio_RA.wav,replay,1
1769879665020-z2hehrkreh-audio_RA.wav,/content/drive/MyDrive/Final_Dataset/Sam_final_dataset/Audio/replay_attacks_wav/1769879665020-z2hehrkreh-audio_RA.wav,replay,1
1770008423822-5ek366c1tyi-audio_RA.wav,/content/drive/MyDrive/Final_Dataset/Sam_final_dataset/Audio/replay_attacks_wav/1770008423822-5ek366c1tyi-audio_RA.wav,replay,1
1770006660690-9qwgjvmdp8-audio_RA.wav,/content/drive/MyDrive/Final_Dataset/Sam_final_dataset/Audio/replay_attacks_wav/1770006660690-9qwgjvmdp8-audio_RA.wav,replay,1
1770008603482-ya1pblgtah-audio_RA.wav,/content/drive/MyDrive/Final_Dataset/Sam_final_dataset/Audio/replay_attacks_wav/1770008603482-ya1pblgtah-audio_RA.wav,replay,1
1770028923875-1hygdlyttxt-audio_RA.wav,/content/drive/MyDrive/Final_Dataset/Sam_final_dataset/Audio/replay_attacks_wav/1770028923875-1hygdlyttxt-audio_RA.wav,replay,1
1770009483447-nvcdq2mqqa-audio_RA.wav,/content/drive/MyDrive/Final_Dataset/Sam_final_dataset/Audio/replay_attacks_wav/1770009483447-nvcdq2mqqa-audio_RA.wav,replay,1
1770091464869-c2tvb9pzrw-audio_RA.wav,/content/drive/MyDrive/Final_Dataset/Sam_final_dataset/Audio/replay_attacks_wav/1770091464869-c2tvb9pzrw-audio_RA.wav,replay,1
akram-gazali-1770445800354-dydxxootb0g-audio_RA.wav,/content/drive/MyDrive/Final_Dataset/Sam_final_dataset/Audio/replay_attacks_wav/akram-gazali-1770445800354-dydxxootb0g-audio_RA.wav,replay,1
aksheya-1770477453315-sydj4jcvtoi-audio_RA.wav,/content/drive/MyDrive/Final_Dataset/Sam_final_dataset/Audio/replay_attacks_wav/aksheya-1770477453315-sydj4jcvtoi-audio_RA.wav,replay,1
ama-athukorale-1770188000031-tgsearqo8in-audio_RA.wav,/content/drive/MyDrive/Final_Dataset/Sam_final_dataset/Audio/replay_attacks_wav/ama-athukorale-1770188000031-tgsearqo8in-audio_RA.wav,replay,1
isuru-udayakumara-1770217090325-2egusipenph-audio_RA.wav,/content/drive/MyDrive/Final_Dataset/Sam_final_dataset/Audio/replay_attacks_wav/isuru-udayakumara-1770217090325-2egusipenph-audio_RA.wav,replay,1
arfadh-iqbal-1770213558801-94lwdsmh206-audio_RA.wav,/content/drive/MyDrive/Final_Dataset/Sam_final_dataset/Audio/replay_attacks_wav/arfadh-iqbal-1770213558801-94lwdsmh206-audio_RA.wav,replay,1
madhumitha-balajeyandhan-1770206737552-7b84if03p6b-audio_RA.wav,/content/drive/MyDrive/Final_Dataset/Sam_final_dataset/Audio/replay_attacks_wav/madhumitha-balajeyandhan-1770206737552-7b84if03p6b-audio_RA.wav,replay,1
maleesha-dewmini-1770445718682-feaylk2v696-audio_RA.wav,/content/drive/MyDrive/Final_Dataset/Sam_final_dataset/Audio/replay_attacks_wav/maleesha-dewmini-1770445718682-feaylk2v696-audio_RA.wav,replay,1
mohammed-mufthi-1770380281105-mdwuzashsa-audio_RA.wav,/content/drive/MyDrive/Final_Dataset/Sam_final_dataset/Audio/replay_attacks_wav/mohammed-mufthi-1770380281105-mdwuzashsa-audio_RA.wav,replay,1
oveena-widyaratne-1770363421497-xkdtwb6r5t-audio_RA.wav,/content/drive/MyDrive/Final_Dataset/Sam_final_dataset/Audio/replay_attacks_wav/oveena-widyaratne-1770363421497-xkdtwb6r5t-audio_RA.wav,replay,1
pradeep-periyasamy-1770301371712-34a8ac6kmjn-audio_RA.wav,/content/drive/MyDrive/Final_Dataset/Sam_final_dataset/Audio/replay_attacks_wav/pradeep-periyasamy-1770301371712-34a8ac6kmjn-audio_RA.wav,replay,1
praneepa-ekanayake-1770445724370-av9t2z74m8g-audio_RA.wav,/content/drive/MyDrive/Final_Dataset/Sam_final_dataset/Audio/replay_attacks_wav/praneepa-ekanayake-1770445724370-av9t2z74m8g-audio_RA.wav,replay,1
ranugi-thihansa-1770445648100-ok0k52ovsd7-audio_RA.wav,/content/drive/MyDrive/Final_Dataset/Sam_final_dataset/Audio/replay_attacks_wav/ranugi-thihansa-1770445648100-ok0k52ovsd7-audio_RA.wav,replay,1
samrithaa-jeevaratnam-1771426980393-nzuzo8hi3mr-audio_RA.wav,/content/drive/MyDrive/Final_Dataset/Sam_final_dataset/Audio/replay_attacks_wav/samrithaa-jeevaratnam-1771426980393-nzuzo8hi3mr-audio_RA.wav,replay,1
tharusha-jayawardena-1770445889394-2vsu5ezjjh-audio_RA.wav,/content/drive/MyDrive/Final_Dataset/Sam_final_dataset/Audio/replay_attacks_wav/tharusha-jayawardena-1770445889394-2vsu5ezjjh-audio_RA.wav,replay,1
sivagnanam-mayuran-1770646563111-v924d5zyos-audio_RA.wav,/content/drive/MyDrive/Final_Dataset/Sam_final_dataset/Audio/replay_attacks_wav/sivagnanam-mayuran-1770646563111-v924d5zyos-audio_RA.wav,replay,1
thrishonika-sivarajah-1770445863400-3hz9dnvpov-audio_RA.wav,/content/drive/MyDrive/Final_Dataset/Sam_final_dataset/Audio/replay_attacks_wav/thrishonika-sivarajah-1770445863400-3hz9dnvpov-audio_RA.wav,replay,1
1769661288326-qjv26yfs9b-audio_RA.wav,/content/drive/MyDrive/Final_Dataset/Sam_final_dataset/Audio/replay_attacks_wav/1769661288326-qjv26yfs9b-audio_RA.wav,replay,1
vijayakalyani-balajeyandhan-1771048275857-08xyag521owi-audio_RA.wav,/content/drive/MyDrive/Final_Dataset/Sam_final_dataset/Audio/replay_attacks_wav/vijayakalyani-balajeyandhan-1771048275857-08xyag521owi-audio_RA.wav,replay,1
1769678217131-a1yyynu4zxe-audio_RA.wav,/content/drive/MyDrive/Final_Dataset/Sam_final_dataset/Audio/replay_attacks_wav/1769678217131-a1yyynu4zxe-audio_RA.wav,replay,1
1769827464685-t4iir7dsiek-audio_RA.wav,/content/drive/MyDrive/Final_Dataset/Sam_final_dataset/Audio/replay_attacks_wav/1769827464685-t4iir7dsiek-audio_RA.wav,replay,1
1769877779645-a7eplt7s9je-audio_RA.wav,/content/drive/MyDrive/Final_Dataset/Sam_final_dataset/Audio/replay_attacks_wav/1769877779645-a7eplt7s9je-audio_RA.wav,replay,1
1769857860488-1kaf4vrf1bw-audio_RA.wav,/content/drive/MyDrive/Final_Dataset/Sam_final_dataset/Audio/replay_attacks_wav/1769857860488-1kaf4vrf1bw-audio_RA.wav,replay,1
1769877865550-cngi8444j34-audio_RA.wav,/content/drive/MyDrive/Final_Dataset/Sam_final_dataset/Audio/replay_attacks_wav/1769877865550-cngi8444j34-audio_RA.wav,replay,1
1769877783602-qg04uh9094-audio_RA.wav,/content/drive/MyDrive/Final_Dataset/Sam_final_dataset/Audio/replay_attacks_wav/1769877783602-qg04uh9094-audio_RA.wav,replay,1
1769877871713-4m4k67ocdf6-audio_RA.wav,/content/drive/MyDrive/Final_Dataset/Sam_final_dataset/Audio/replay_attacks_wav/1769877871713-4m4k67ocdf6-audio_RA.wav,replay,1
1769878150519-bs6gvzikgww-audio_RA.wav,/content/drive/MyDrive/Final_Dataset/Sam_final_dataset/Audio/replay_attacks_wav/1769878150519-bs6gvzikgww-audio_RA.wav,replay,1
1769878778942-38puz883s92-audio_RA.wav,/content/drive/MyDrive/Final_Dataset/Sam_final_dataset/Audio/replay_attacks_wav/1769878778942-38puz883s92-audio_RA.wav,replay,1
1769879312929-njjzxjw5exi-audio_RA.wav,/content/drive/MyDrive/Final_Dataset/Sam_final_dataset/Audio/replay_attacks_wav/1769879312929-njjzxjw5exi-audio_RA.wav,replay,1
1769921310778-vis108tj3r-audio_RA.wav,/content/drive/MyDrive/Final_Dataset/Sam_final_dataset/Audio/replay_attacks_wav/1769921310778-vis108tj3r-audio_RA.wav,replay,1
1769879343973-swgzenlw3kf-audio_RA.wav,/content/drive/MyDrive/Final_Dataset/Sam_final_dataset/Audio/replay_attacks_wav/1769879343973-swgzenlw3kf-audio_RA.wav,replay,1
dileepa-1770445599693-7lt1392nm79-audio_RA.wav,/content/drive/MyDrive/Final_Dataset/Sam_final_dataset/Audio/replay_attacks_wav/dileepa-1770445599693-7lt1392nm79-audio_RA.wav,replay,1
aqeel-1770445688899-ccc0rshi3rk-audio_RA.wav,/content/drive/MyDrive/Final_Dataset/Sam_final_dataset/Audio/replay_attacks_wav/aqeel-1770445688899-ccc0rshi3rk-audio_RA.wav,replay,1
geethma-1770445725922-tdkizfxm2c-audio_RA.wav,/content/drive/MyDrive/Final_Dataset/Sam_final_dataset/Audio/replay_attacks_wav/geethma-1770445725922-tdkizfxm2c-audio_RA.wav,replay,1
harsha-vidanagamage-1770445678086-i9c4dief63s-audio_RA.wav,/content/drive/MyDrive/Final_Dataset/Sam_final_dataset/Audio/replay_attacks_wav/harsha-vidanagamage-1770445678086-i9c4dief63s-audio_RA.wav,replay,1
jothiswary-jeevaratnam-1771427934194-be6qwar06q9-audio_RA.wav,/content/drive/MyDrive/Final_Dataset/Sam_final_dataset/Audio/replay_attacks_wav/jothiswary-jeevaratnam-1771427934194-be6qwar06q9-audio_RA.wav,replay,1
lawanya-gunawardena-1770445671449-gz2dwbwj91j-audio_RA.wav,/content/drive/MyDrive/Final_Dataset/Sam_final_dataset/Audio/replay_attacks_wav/lawanya-gunawardena-1770445671449-gz2dwbwj91j-audio_RA.wav,replay,1
methul-1770446113415-851a51rt5u4-audio_RA.wav,/content/drive/MyDrive/Final_Dataset/Sam_final_dataset/Audio/replay_attacks_wav/methul-1770446113415-851a51rt5u4-audio_RA.wav,replay,1
nilupul-1770380346480-75g9zdhz72j-audio_RA.wav,/content/drive/MyDrive/Final_Dataset/Sam_final_dataset/Audio/replay_attacks_wav/nilupul-1770380346480-75g9zdhz72j-audio_RA.wav,replay,1
prabhashan-1770380045217-37yshqp9c7a-audio_RA.wav,/content/drive/MyDrive/Final_Dataset/Sam_final_dataset/Audio/replay_attacks_wav/prabhashan-1770380045217-37yshqp9c7a-audio_RA.wav,replay,1
nihil-hesara-1770445663719-yykw6xau3x-audio_RA.wav,/content/drive/MyDrive/Final_Dataset/Sam_final_dataset/Audio/replay_attacks_wav/nihil-hesara-1770445663719-yykw6xau3x-audio_RA.wav,replay,1
pragash-sasitharan-1770557958937-o7zm1xx7z5-audio_RA.wav,/content/drive/MyDrive/Final_Dataset/Sam_final_dataset/Audio/replay_attacks_wav/pragash-sasitharan-1770557958937-o7zm1xx7z5-audio_RA.wav,replay,1
supun-kanakarathna-1770217531977-wk28pni9c7d-audio_RA.wav,/content/drive/MyDrive/Final_Dataset/Sam_final_dataset/Audio/replay_attacks_wav/supun-kanakarathna-1770217531977-wk28pni9c7d-audio_RA.wav,replay,1
thaksharan-pushpakanthan-1770445750525-ngqmw95sj0f-audio_RA.wav,/content/drive/MyDrive/Final_Dataset/Sam_final_dataset/Audio/replay_attacks_wav/thaksharan-pushpakanthan-1770445750525-ngqmw95sj0f-audio_RA.wav,replay,1
thalal-1770445832350-qzmc72ma2f-audio_RA.wav,/content/drive/MyDrive/Final_Dataset/Sam_final_dataset/Audio/replay_attacks_wav/thalal-1770445832350-qzmc72ma2f-audio_RA.wav,replay,1
vihangi-wickramathilaka-1770445658387-z0i6uvj0r2h-audio_RA.wav,/content/drive/MyDrive/Final_Dataset/Sam_final_dataset/Audio/replay_attacks_wav/vihangi-wickramathilaka-1770445658387-z0i6uvj0r2h-audio_RA.wav,replay,1
withanage-lakshan-anjana-cooray-1770300702351-atehilgssji-audio_RA.wav,/content/drive/MyDrive/Final_Dataset/Sam_final_dataset/Audio/replay_attacks_wav/withanage-lakshan-anjana-cooray-1770300702351-atehilgssji-audio_RA.wav,replay,1
manith-wijesinghe-1770445706558-cxjw709ki8-audio_RA.wav,/content/drive/MyDrive/Final_Dataset/Sam_final_dataset/Audio/replay_attacks_wav/manith-wijesinghe-1770445706558-cxjw709ki8-audio_RA.wav,replay,1
dwayne-ramsay-1770725471062-pvz0nwke0cp-audio_RA.wav,/content/drive/MyDrive/Final_Dataset/Sam_final_dataset/Audio/replay_attacks_wav/dwayne-ramsay-1770725471062-pvz0nwke0cp-audio_RA.wav,replay,1
attack_1769877865550-cngi8444j34.wav,/content/drive/MyDrive/Final_Dataset/Sam_final_dataset/Audio/voice_all_files/tts_attacks_final/attack_1769877865550-cngi8444j34.wav,tts,1
attack_1770008423822-5ek366c1tyi.wav,/content/drive/MyDrive/Final_Dataset/Sam_final_dataset/Audio/voice_all_files/tts_attacks_final/attack_1770008423822-5ek366c1tyi.wav,tts,1
attack_1770016503680-7cdim9wd80u.wav,/content/drive/MyDrive/Final_Dataset/Sam_final_dataset/Audio/voice_all_files/tts_attacks_final/attack_1770016503680-7cdim9wd80u.wav,tts,1
attack_1770206737552-7b84if03p6b.wav,/content/drive/MyDrive/Final_Dataset/Sam_final_dataset/Audio/voice_all_files/tts_attacks_final/attack_1770206737552-7b84if03p6b.wav,tts,1
attack_1770188000031-tgsearqo8in.wav,/content/drive/MyDrive/Final_Dataset/Sam_final_dataset/Audio/voice_all_files/tts_attacks_final/attack_1770188000031-tgsearqo8in.wav,tts,1
attack_1770088530588-5efqabvflf3.wav,/content/drive/MyDrive/Final_Dataset/Sam_final_dataset/Audio/voice_all_files/tts_attacks_final/attack_1770088530588-5efqabvflf3.wav,tts,1
attack_1770633262075-k6u2io4qolo.wav,/content/drive/MyDrive/Final_Dataset/Sam_final_dataset/Audio/voice_all_files/tts_attacks_final/attack_1770633262075-k6u2io4qolo.wav,tts,1
attack_1771401489025-xvnbmzb9e8a.wav,/content/drive/MyDrive/Final_Dataset/Sam_final_dataset/Audio/voice_all_files/tts_attacks_final/attack_1771401489025-xvnbmzb9e8a.wav,tts,1
attack_1770301371712-34a8ac6kmjn.wav,/content/drive/MyDrive/Final_Dataset/Sam_final_dataset/Audio/voice_all_files/tts_attacks_final/attack_1770301371712-34a8ac6kmjn.wav,tts,1
attack_1770301365487-byvhk57rws.wav,/content/drive/MyDrive/Final_Dataset/Sam_final_dataset/Audio/voice_all_files/tts_attacks_final/attack_1770301365487-byvhk57rws.wav,tts,1
attack_1770445696295-sok7mjzb8d8.wav,/content/drive/MyDrive/Final_Dataset/Sam_final_dataset/Audio/voice_all_files/tts_attacks_final/attack_1770445696295-sok7mjzb8d8.wav,tts,1
attack_1770445678567-i71ayyh340i.wav,/content/drive/MyDrive/Final_Dataset/Sam_final_dataset/Audio/voice_all_files/tts_attacks_final/attack_1770445678567-i71ayyh340i.wav,tts,1
attack_1769877746312-17s72lus0oz.wav,/content/drive/MyDrive/Final_Dataset/Sam_final_dataset/Audio/voice_all_files/tts_attacks_final/attack_1769877746312-17s72lus0oz.wav,tts,1
attack_1769879131222-u883itot1y.wav,/content/drive/MyDrive/Final_Dataset/Sam_final_dataset/Audio/voice_all_files/tts_attacks_final/attack_1769879131222-u883itot1y.wav,tts,1
attack_1770213756748-gezlecdaxw6.wav,/content/drive/MyDrive/Final_Dataset/Sam_final_dataset/Audio/voice_all_files/tts_attacks_final/attack_1770213756748-gezlecdaxw6.wav,tts,1
attack_1770445658387-z0i6uvj0r2h.wav,/content/drive/MyDrive/Final_Dataset/Sam_final_dataset/Audio/voice_all_files/tts_attacks_final/attack_1770445658387-z0i6uvj0r2h.wav,tts,1
attack_1770445694876-9ahtrz67nb5.wav,/content/drive/MyDrive/Final_Dataset/Sam_final_dataset/Audio/voice_all_files/tts_attacks_final/attack_1770445694876-9ahtrz67nb5.wav,tts,1
attack_1770445678086-i9c4dief63s.wav,/content/drive/MyDrive/Final_Dataset/Sam_final_dataset/Audio/voice_all_files/tts_attacks_final/attack_1770445678086-i9c4dief63s.wav,tts,1
attack_1770008603482-ya1pblgtah.wav,/content/drive/MyDrive/Final_Dataset/Sam_final_dataset/Audio/voice_all_files/tts_attacks_final/attack_1770008603482-ya1pblgtah.wav,tts,1
attack_1770203841157-kds0yz9v9pc.wav,/content/drive/MyDrive/Final_Dataset/Sam_final_dataset/Audio/voice_all_files/tts_attacks_final/attack_1770203841157-kds0yz9v9pc.wav,tts,1
attack_1770646563111-v924d5zyos.wav,/content/drive/MyDrive/Final_Dataset/Sam_final_dataset/Audio/voice_all_files/tts_attacks_final/attack_1770646563111-v924d5zyos.wav,tts,1
attack_1770217090325-2egusipenph.wav,/content/drive/MyDrive/Final_Dataset/Sam_final_dataset/Audio/voice_all_files/tts_attacks_final/attack_1770217090325-2egusipenph.wav,tts,1
attack_1770477453315-sydj4jcvtoi.wav,/content/drive/MyDrive/Final_Dataset/Sam_final_dataset/Audio/voice_all_files/tts_attacks_final/attack_1770477453315-sydj4jcvtoi.wav,tts,1
attack_1770219484810-1bu87g29rsv.wav,/content/drive/MyDrive/Final_Dataset/Sam_final_dataset/Audio/voice_all_files/tts_attacks_final/attack_1770219484810-1bu87g29rsv.wav,tts,1
attack_1769878150519-bs6gvzikgww.wav,/content/drive/MyDrive/Final_Dataset/Sam_final_dataset/Audio/voice_all_files/tts_attacks_final/attack_1769878150519-bs6gvzikgww.wav,tts,1
attack_1769879150923-hkfhersf7f4.wav,/content/drive/MyDrive/Final_Dataset/Sam_final_dataset/Audio/voice_all_files/tts_attacks_final/attack_1769879150923-hkfhersf7f4.wav,tts,1
attack_1770380045217-37yshqp9c7a.wav,/content/drive/MyDrive/Final_Dataset/Sam_final_dataset/Audio/voice_all_files/tts_attacks_final/attack_1770380045217-37yshqp9c7a.wav,tts,1
attack_1769878323445-9htttm85m8a.wav,/content/drive/MyDrive/Final_Dataset/Sam_final_dataset/Audio/voice_all_files/tts_attacks_final/attack_1769878323445-9htttm85m8a.wav,tts,1
attack_1769878778942-38puz883s92.wav,/content/drive/MyDrive/Final_Dataset/Sam_final_dataset/Audio/voice_all_files/tts_attacks_final/attack_1769878778942-38puz883s92.wav,tts,1
attack_1770006660690-9qwgjvmdp8.wav,/content/drive/MyDrive/Final_Dataset/Sam_final_dataset/Audio/voice_all_files/tts_attacks_final/attack_1770006660690-9qwgjvmdp8.wav,tts,1
attack_1769878825283-hbqx1z44dyq.wav,/content/drive/MyDrive/Final_Dataset/Sam_final_dataset/Audio/voice_all_files/tts_attacks_final/attack_1769878825283-hbqx1z44dyq.wav,tts,1
attack_1771426980393-nzuzo8hi3mr.wav,/content/drive/MyDrive/Final_Dataset/Sam_final_dataset/Audio/voice_all_files/tts_attacks_final/attack_1771426980393-nzuzo8hi3mr.wav,tts,1
attack_1770259504525-yq212ny4ozl.wav,/content/drive/MyDrive/Final_Dataset/Sam_final_dataset/Audio/voice_all_files/tts_attacks_final/attack_1770259504525-yq212ny4ozl.wav,tts,1
attack_1770282071874-i2g3l36xe6i.wav,/content/drive/MyDrive/Final_Dataset/Sam_final_dataset/Audio/voice_all_files/tts_attacks_final/attack_1770282071874-i2g3l36xe6i.wav,tts,1
attack_1770445780786-y222a26roh.wav,/content/drive/MyDrive/Final_Dataset/Sam_final_dataset/Audio/voice_all_files/tts_attacks_final/attack_1770445780786-y222a26roh.wav,tts,1
attack_1770445718682-feaylk2v696.wav,/content/drive/MyDrive/Final_Dataset/Sam_final_dataset/Audio/voice_all_files/tts_attacks_final/attack_1770445718682-feaylk2v696.wav,tts,1
attack_1770445725922-tdkizfxm2c.wav,/content/drive/MyDrive/Final_Dataset/Sam_final_dataset/Audio/voice_all_files/tts_attacks_final/attack_1770445725922-tdkizfxm2c.wav,tts,1
attack_1770445832350-qzmc72ma2f.wav,/content/drive/MyDrive/Final_Dataset/Sam_final_dataset/Audio/voice_all_files/tts_attacks_final/attack_1770445832350-qzmc72ma2f.wav,tts,1
attack_1770087965227-1baaery53s3i.wav,/content/drive/MyDrive/Final_Dataset/Sam_final_dataset/Audio/voice_all_files/tts_attacks_final/attack_1770087965227-1baaery53s3i.wav,tts,1
attack_1770009483447-nvcdq2mqqa.wav,/content/drive/MyDrive/Final_Dataset/Sam_final_dataset/Audio/voice_all_files/tts_attacks_final/attack_1770009483447-nvcdq2mqqa.wav,tts,1
attack_1769865631974-5vswlopqn38.wav,/content/drive/MyDrive/Final_Dataset/Sam_final_dataset/Audio/voice_all_files/tts_attacks_final/attack_1769865631974-5vswlopqn38.wav,tts,1
attack_1770091464869-c2tvb9pzrw.wav,/content/drive/MyDrive/Final_Dataset/Sam_final_dataset/Audio/voice_all_files/tts_attacks_final/attack_1770091464869-c2tvb9pzrw.wav,tts,1
attack_1769879335590-h4i23wgvh1.wav,/content/drive/MyDrive/Final_Dataset/Sam_final_dataset/Audio/voice_all_files/tts_attacks_final/attack_1769879335590-h4i23wgvh1.wav,tts,1
attack_1770725471062-pvz0nwke0cp.wav,/content/drive/MyDrive/Final_Dataset/Sam_final_dataset/Audio/voice_all_files/tts_attacks_final/attack_1770725471062-pvz0nwke0cp.wav,tts,1
attack_1770217531977-wk28pni9c7d.wav,/content/drive/MyDrive/Final_Dataset/Sam_final_dataset/Audio/voice_all_files/tts_attacks_final/attack_1770217531977-wk28pni9c7d.wav,tts,1
attack_1770480430526-gux0gs1ja2r.wav,/content/drive/MyDrive/Final_Dataset/Sam_final_dataset/Audio/voice_all_files/tts_attacks_final/attack_1770480430526-gux0gs1ja2r.wav,tts,1
attack_1770284006333-ti69byvmcm.wav,/content/drive/MyDrive/Final_Dataset/Sam_final_dataset/Audio/voice_all_files/tts_attacks_final/attack_1770284006333-ti69byvmcm.wav,tts,1
attack_1769884198839-gbpaaesaa4.wav,/content/drive/MyDrive/Final_Dataset/Sam_final_dataset/Audio/voice_all_files/tts_attacks_final/attack_1769884198839-gbpaaesaa4.wav,tts,1
attack_1770380281105-mdwuzashsa.wav,/content/drive/MyDrive/Final_Dataset/Sam_final_dataset/Audio/voice_all_files/tts_attacks_final/attack_1770380281105-mdwuzashsa.wav,tts,1
attack_1770007156022-abb32n6ywev.wav,/content/drive/MyDrive/Final_Dataset/Sam_final_dataset/Audio/voice_all_files/tts_attacks_final/attack_1770007156022-abb32n6ywev.wav,tts,1
attack_1769879343973-swgzenlw3kf.wav,/content/drive/MyDrive/Final_Dataset/Sam_final_dataset/Audio/voice_all_files/tts_attacks_final/attack_1769879343973-swgzenlw3kf.wav,tts,1
attack_1769879312929-njjzxjw5exi.wav,/content/drive/MyDrive/Final_Dataset/Sam_final_dataset/Audio/voice_all_files/tts_attacks_final/attack_1769879312929-njjzxjw5exi.wav,tts,1
attack_1769877786806-vedpgl0db5r.wav,/content/drive/MyDrive/Final_Dataset/Sam_final_dataset/Audio/voice_all_files/tts_attacks_final/attack_1769877786806-vedpgl0db5r.wav,tts,1
attack_1769715316109-lepldmgac6.wav,/content/drive/MyDrive/Final_Dataset/Sam_final_dataset/Audio/voice_all_files/tts_attacks_final/attack_1769715316109-lepldmgac6.wav,tts,1
attack_1769877763904-77llgv23pb.wav,/content/drive/MyDrive/Final_Dataset/Sam_final_dataset/Audio/voice_all_files/tts_attacks_final/attack_1769877763904-77llgv23pb.wav,tts,1
attack_1771427934194-be6qwar06q9.wav,/content/drive/MyDrive/Final_Dataset/Sam_final_dataset/Audio/voice_all_files/tts_attacks_final/attack_1771427934194-be6qwar06q9.wav,tts,1
attack_1770218434339-0208d18knkyy.wav,/content/drive/MyDrive/Final_Dataset/Sam_final_dataset/Audio/voice_all_files/tts_attacks_final/attack_1770218434339-0208d18knkyy.wav,tts,1
attack_1770190438442-qpuieazzqee.wav,/content/drive/MyDrive/Final_Dataset/Sam_final_dataset/Audio/voice_all_files/tts_attacks_final/attack_1770190438442-qpuieazzqee.wav,tts,1
attack_1769877799465-s8yspj7o21s.wav,/content/drive/MyDrive/Final_Dataset/Sam_final_dataset/Audio/voice_all_files/tts_attacks_final/attack_1769877799465-s8yspj7o21s.wav,tts,1
attack_1770480823736-i9brl5czgw.wav,/content/drive/MyDrive/Final_Dataset/Sam_final_dataset/Audio/voice_all_files/tts_attacks_final/attack_1770480823736-i9brl5czgw.wav,tts,1
attack_1769877785185-0we92xpmfk1.wav,/content/drive/MyDrive/Final_Dataset/Sam_final_dataset/Audio/voice_all_files/tts_attacks_final/attack_1769877785185-0we92xpmfk1.wav,tts,1
attack_1769877783602-qg04uh9094.wav,/content/drive/MyDrive/Final_Dataset/Sam_final_dataset/Audio/voice_all_files/tts_attacks_final/attack_1769877783602-qg04uh9094.wav,tts,1
attack_1769877793417-ogm26iebr1n.wav,/content/drive/MyDrive/Final_Dataset/Sam_final_dataset/Audio/voice_all_files/tts_attacks_final/attack_1769877793417-ogm26iebr1n.wav,tts,1
attack_1770264476143-7c73w91utzk.wav,/content/drive/MyDrive/Final_Dataset/Sam_final_dataset/Audio/voice_all_files/tts_attacks_final/attack_1770264476143-7c73w91utzk.wav,tts,1
attack_1770380346480-75g9zdhz72j.wav,/content/drive/MyDrive/Final_Dataset/Sam_final_dataset/Audio/voice_all_files/tts_attacks_final/attack_1770380346480-75g9zdhz72j.wav,tts,1
attack_1769877836738-ngh2n3zgsbb.wav,/content/drive/MyDrive/Final_Dataset/Sam_final_dataset/Audio/voice_all_files/tts_attacks_final/attack_1769877836738-ngh2n3zgsbb.wav,tts,1
attack_1769877776957-cfu3881h8h4.wav,/content/drive/MyDrive/Final_Dataset/Sam_final_dataset/Audio/voice_all_files/tts_attacks_final/attack_1769877776957-cfu3881h8h4.wav,tts,1
attack_1769877779645-a7eplt7s9je.wav,/content/drive/MyDrive/Final_Dataset/Sam_final_dataset/Audio/voice_all_files/tts_attacks_final/attack_1769877779645-a7eplt7s9je.wav,tts,1
attack_1770445663719-yykw6xau3x.wav,/content/drive/MyDrive/Final_Dataset/Sam_final_dataset/Audio/voice_all_files/tts_attacks_final/attack_1770445663719-yykw6xau3x.wav,tts,1
attack_1770445787080-lqw56ag66w.wav,/content/drive/MyDrive/Final_Dataset/Sam_final_dataset/Audio/voice_all_files/tts_attacks_final/attack_1770445787080-lqw56ag66w.wav,tts,1
attack_1770445861794-kxwd18re9zl.wav,/content/drive/MyDrive/Final_Dataset/Sam_final_dataset/Audio/voice_all_files/tts_attacks_final/attack_1770445861794-kxwd18re9zl.wav,tts,1
attack_1770445688899-ccc0rshi3rk.wav,/content/drive/MyDrive/Final_Dataset/Sam_final_dataset/Audio/voice_all_files/tts_attacks_final/attack_1770445688899-ccc0rshi3rk.wav,tts,1
attack_1770445820698-5jlwq1lbbr3.wav,/content/drive/MyDrive/Final_Dataset/Sam_final_dataset/Audio/voice_all_files/tts_attacks_final/attack_1770445820698-5jlwq1lbbr3.wav,tts,1
attack_1769680362558-n9br5ma9t5p.wav,/content/drive/MyDrive/Final_Dataset/Sam_final_dataset/Audio/voice_all_files/tts_attacks_final/attack_1769680362558-n9br5ma9t5p.wav,tts,1
attack_1769877790574-jkkmpefnz4k.wav,/content/drive/MyDrive/Final_Dataset/Sam_final_dataset/Audio/voice_all_files/tts_attacks_final/attack_1769877790574-jkkmpefnz4k.wav,tts,1
attack_1770363421497-xkdtwb6r5t.wav,/content/drive/MyDrive/Final_Dataset/Sam_final_dataset/Audio/voice_all_files/tts_attacks_final/attack_1770363421497-xkdtwb6r5t.wav,tts,1
attack_1769656704608-ef07jxxzhzn.wav,/content/drive/MyDrive/Final_Dataset/Sam_final_dataset/Audio/voice_all_files/tts_attacks_final/attack_1769656704608-ef07jxxzhzn.wav,tts,1
attack_1769582224434-2n71gdsz237.wav,/content/drive/MyDrive/Final_Dataset/Sam_final_dataset/Audio/voice_all_files/tts_attacks_final/attack_1769582224434-2n71gdsz237.wav,tts,1
attack_1770213558801-94lwdsmh206.wav,/content/drive/MyDrive/Final_Dataset/Sam_final_dataset/Audio/voice_all_files/tts_attacks_final/attack_1770213558801-94lwdsmh206.wav,tts,1
attack_1769857860488-1kaf4vrf1bw.wav,/content/drive/MyDrive/Final_Dataset/Sam_final_dataset/Audio/voice_all_files/tts_attacks_final/attack_1769857860488-1kaf4vrf1bw.wav,tts,1
attack_1770028923875-1hygdlyttxt.wav,/content/drive/MyDrive/Final_Dataset/Sam_final_dataset/Audio/voice_all_files/tts_attacks_final/attack_1770028923875-1hygdlyttxt.wav,tts,1
attack_1769878005554-ul2tq32hw5g.wav,/content/drive/MyDrive/Final_Dataset/Sam_final_dataset/Audio/voice_all_files/tts_attacks_final/attack_1769878005554-ul2tq32hw5g.wav,tts,1
attack_1769877768525-icimbs5yvns.wav,/content/drive/MyDrive/Final_Dataset/Sam_final_dataset/Audio/voice_all_files/tts_attacks_final/attack_1769877768525-icimbs5yvns.wav,tts,1
attack_1769678217131-a1yyynu4zxe.wav,/content/drive/MyDrive/Final_Dataset/Sam_final_dataset/Audio/voice_all_files/tts_attacks_final/attack_1769678217131-a1yyynu4zxe.wav,tts,1
attack_1769877813423-fzmq80fcxer.wav,/content/drive/MyDrive/Final_Dataset/Sam_final_dataset/Audio/voice_all_files/tts_attacks_final/attack_1769877813423-fzmq80fcxer.wav,tts,1
attack_1769879665020-z2hehrkreh.wav,/content/drive/MyDrive/Final_Dataset/Sam_final_dataset/Audio/voice_all_files/tts_attacks_final/attack_1769879665020-z2hehrkreh.wav,tts,1
attack_1769877871713-4m4k67ocdf6.wav,/content/drive/MyDrive/Final_Dataset/Sam_final_dataset/Audio/voice_all_files/tts_attacks_final/attack_1769877871713-4m4k67ocdf6.wav,tts,1
attack_1769879032156-o2qh72vloxb.wav,/content/drive/MyDrive/Final_Dataset/Sam_final_dataset/Audio/voice_all_files/tts_attacks_final/attack_1769879032156-o2qh72vloxb.wav,tts,1
attack_1770003685383-va6cgq2e3pc.wav,/content/drive/MyDrive/Final_Dataset/Sam_final_dataset/Audio/voice_all_files/tts_attacks_final/attack_1770003685383-va6cgq2e3pc.wav,tts,1
attack_1769877877349-6ubslfaljz6.wav,/content/drive/MyDrive/Final_Dataset/Sam_final_dataset/Audio/voice_all_files/tts_attacks_final/attack_1769877877349-6ubslfaljz6.wav,tts,1
attack_1769921310778-vis108tj3r.wav,/content/drive/MyDrive/Final_Dataset/Sam_final_dataset/Audio/voice_all_files/tts_attacks_final/attack_1769921310778-vis108tj3r.wav,tts,1
attack_1770301049346-y55avo4p2vi.wav,/content/drive/MyDrive/Final_Dataset/Sam_final_dataset/Audio/voice_all_files/tts_attacks_final/attack_1770301049346-y55avo4p2vi.wav,tts,1
attack_1770557958937-o7zm1xx7z5.wav,/content/drive/MyDrive/Final_Dataset/Sam_final_dataset/Audio/voice_all_files/tts_attacks_final/attack_1770557958937-o7zm1xx7z5.wav,tts,1
attack_1770445612934-h9m47dgoghs.wav,/content/drive/MyDrive/Final_Dataset/Sam_final_dataset/Audio/voice_all_files/tts_attacks_final/attack_1770445612934-h9m47dgoghs.wav,tts,1
attack_1770445599693-7lt1392nm79.wav,/content/drive/MyDrive/Final_Dataset/Sam_final_dataset/Audio/voice_all_files/tts_attacks_final/attack_1770445599693-7lt1392nm79.wav,tts,1
attack_1770445671449-gz2dwbwj91j.wav,/content/drive/MyDrive/Final_Dataset/Sam_final_dataset/Audio/voice_all_files/tts_attacks_final/attack_1770445671449-gz2dwbwj91j.wav,tts,1
attack_1770583681000-kkbdy2g8w6.wav,/content/drive/MyDrive/Final_Dataset/Sam_final_dataset/Audio/voice_all_files/tts_attacks_final/attack_1770583681000-kkbdy2g8w6.wav,tts,1
attack_1770445800354-dydxxootb0g.wav,/content/drive/MyDrive/Final_Dataset/Sam_final_dataset/Audio/voice_all_files/tts_attacks_final/attack_1770445800354-dydxxootb0g.wav,tts,1
attack_1771183279674-6f82c2f9ntw.wav,/content/drive/MyDrive/Final_Dataset/Sam_final_dataset/Audio/voice_all_files/tts_attacks_final/attack_1771183279674-6f82c2f9ntw.wav,tts,1
attack_1770445648100-ok0k52ovsd7.wav,/content/drive/MyDrive/Final_Dataset/Sam_final_dataset/Audio/voice_all_files/tts_attacks_final/attack_1770445648100-ok0k52ovsd7.wav,tts,1
attack_1770445434966-vjnehaefwq.wav,/content/drive/MyDrive/Final_Dataset/Sam_final_dataset/Audio/voice_all_files/tts_attacks_final/attack_1770445434966-vjnehaefwq.wav,tts,1
attack_1770445724370-av9t2z74m8g.wav,/content/drive/MyDrive/Final_Dataset/Sam_final_dataset/Audio/voice_all_files/tts_attacks_final/attack_1770445724370-av9t2z74m8g.wav,tts,1
attack_1770445874461-1iz3m8cia2s.wav,/content/drive/MyDrive/Final_Dataset/Sam_final_dataset/Audio/voice_all_files/tts_attacks_final/attack_1770445874461-1iz3m8cia2s.wav,tts,1
attack_1770626604878-066mir6831a.wav,/content/drive/MyDrive/Final_Dataset/Sam_final_dataset/Audio/voice_all_files/tts_attacks_final/attack_1770626604878-066mir6831a.wav,tts,1
attack_1770445706558-cxjw709ki8.wav,/content/drive/MyDrive/Final_Dataset/Sam_final_dataset/Audio/voice_all_files/tts_attacks_final/attack_1770445706558-cxjw709ki8.wav,tts,1
attack_1770445889394-2vsu5ezjjh.wav,/content/drive/MyDrive/Final_Dataset/Sam_final_dataset/Audio/voice_all_files/tts_attacks_final/attack_1770445889394-2vsu5ezjjh.wav,tts,1
attack_1771049545786-xcfsda9eado.wav,/content/drive/MyDrive/Final_Dataset/Sam_final_dataset/Audio/voice_all_files/tts_attacks_final/attack_1771049545786-xcfsda9eado.wav,tts,1
attack_1770445750525-ngqmw95sj0f.wav,/content/drive/MyDrive/Final_Dataset/Sam_final_dataset/Audio/voice_all_files/tts_attacks_final/attack_1770445750525-ngqmw95sj0f.wav,tts,1
attack_1770445940637-wtibtljxuzm.wav,/content/drive/MyDrive/Final_Dataset/Sam_final_dataset/Audio/voice_all_files/tts_attacks_final/attack_1770445940637-wtibtljxuzm.wav,tts,1
attack_1770445863400-3hz9dnvpov.wav,/content/drive/MyDrive/Final_Dataset/Sam_final_dataset/Audio/voice_all_files/tts_attacks_final/attack_1770445863400-3hz9dnvpov.wav,tts,1
attack_1770446113415-851a51rt5u4.wav,/content/drive/MyDrive/Final_Dataset/Sam_final_dataset/Audio/voice_all_files/tts_attacks_final/attack_1770446113415-851a51rt5u4.wav,tts,1
attack_1769879360406-8jjjz3sml6l.wav,/content/drive/MyDrive/Final_Dataset/Sam_final_dataset/Audio/voice_all_files/tts_attacks_final/attack_1769879360406-8jjjz3sml6l.wav,tts,1
attack_1769827464685-t4iir7dsiek.wav,/content/drive/MyDrive/Final_Dataset/Sam_final_dataset/Audio/voice_all_files/tts_attacks_final/attack_1769827464685-t4iir7dsiek.wav,tts,1
attack_1769878532354-0sianq32je2.wav,/content/drive/MyDrive/Final_Dataset/Sam_final_dataset/Audio/voice_all_files/tts_attacks_final/attack_1769878532354-0sianq32je2.wav,tts,1
attack_1770373366116-r51tkvhsstn.wav,/content/drive/MyDrive/Final_Dataset/Sam_final_dataset/Audio/voice_all_files/tts_attacks_final/attack_1770373366116-r51tkvhsstn.wav,tts,1
attack_1769661288326-qjv26yfs9b.wav,/content/drive/MyDrive/Final_Dataset/Sam_final_dataset/Audio/voice_all_files/tts_attacks_final/attack_1769661288326-qjv26yfs9b.wav,tts,1
attack_1769878049059-og3cfyph5x.wav,/content/drive/MyDrive/Final_Dataset/Sam_final_dataset/Audio/voice_all_files/tts_attacks_final/attack_1769878049059-og3cfyph5x.wav,tts,1
attack_1769878028731-w45lijinp1k.wav,/content/drive/MyDrive/Final_Dataset/Sam_final_dataset/Audio/voice_all_files/tts_attacks_final/attack_1769878028731-w45lijinp1k.wav,tts,1
1769884026520-t9ty3jhfk-audio.wav,/content/drive/MyDrive/Final_Dataset/Sam_final_dataset/Audio/voice_all_files/tts_eval_file/content/genuine_normalized_wavs/1769884026520-t9ty3jhfk-audio.wav,tts,1
thrishanthini-1770632791817-987hosg234d-audio.wav,/content/drive/MyDrive/Final_Dataset/Sam_final_dataset/Audio/voice_all_files/tts_eval_file/content/genuine_normalized_wavs/thrishanthini-1770632791817-987hosg234d-audio.wav,tts,1
1770016423169-mqu7nsf4ovd-audio.wav,/content/drive/MyDrive/Final_Dataset/Sam_final_dataset/Audio/voice_all_files/tts_eval_file/content/genuine_normalized_wavs/1770016423169-mqu7nsf4ovd-audio.wav,tts,1
1770088375809-9ftcysmxmke-audio.wav,/content/drive/MyDrive/Final_Dataset/Sam_final_dataset/Audio/voice_all_files/tts_eval_file/content/genuine_normalized_wavs/1770088375809-9ftcysmxmke-audio.wav,tts,1
1769877447533-dk8kd071f4e-audio.wav,/content/drive/MyDrive/Final_Dataset/Sam_final_dataset/Audio/voice_all_files/tts_eval_file/content/genuine_normalized_wavs/1769877447533-dk8kd071f4e-audio.wav,tts,1
shehan-etulgama-1770445669580-ok9tb4ir40n-audio.wav,/content/drive/MyDrive/Final_Dataset/Sam_final_dataset/Audio/voice_all_files/tts_eval_file/content/genuine_normalized_wavs/shehan-etulgama-1770445669580-ok9tb4ir40n-audio.wav,tts,1
1769868369211-bvj04nmp5fm-audio.wav,/content/drive/MyDrive/Final_Dataset/Sam_final_dataset/Audio/voice_all_files/tts_eval_file/content/genuine_normalized_wavs/1769868369211-bvj04nmp5fm-audio.wav,tts,1
1770087929931-rp5ccqmx19-audio.wav,/content/drive/MyDrive/Final_Dataset/Sam_final_dataset/Audio/voice_all_files/tts_eval_file/content/genuine_normalized_wavs/1770087929931-rp5ccqmx19-audio.wav,tts,1
sawiru-1770379301550-qng8x07ull9-audio.wav,/content/drive/MyDrive/Final_Dataset/Sam_final_dataset/Audio/voice_all_files/tts_eval_file/content/genuine_normalized_wavs/sawiru-1770379301550-qng8x07ull9-audio.wav,tts,1
1769877842205-irsfb849uvs-audio.wav,/content/drive/MyDrive/Final_Dataset/Sam_final_dataset/Audio/voice_all_files/tts_eval_file/content/genuine_normalized_wavs/1769877842205-irsfb849uvs-audio.wav,tts,1
raabiya-1770364827761-mr9ug9dhlib-audio.wav,/content/drive/MyDrive/Final_Dataset/Sam_final_dataset/Audio/voice_all_files/tts_eval_file/content/genuine_normalized_wavs/raabiya-1770364827761-mr9ug9dhlib-audio.wav,tts,1
samrithaa-jeevaratnam-1770374615796-9wwgonokur-audio.wav,/content/drive/MyDrive/Final_Dataset/Sam_final_dataset/Audio/voice_all_files/tts_eval_file/content/genuine_normalized_wavs/samrithaa-jeevaratnam-1770374615796-9wwgonokur-audio.wav,tts,1
1770087651128-1o6x4ah0kle-audio.wav,/content/drive/MyDrive/Final_Dataset/Sam_final_dataset/Audio/voice_all_files/tts_eval_file/content/genuine_normalized_wavs/1770087651128-1o6x4ah0kle-audio.wav,tts,1
1770008303406-dtgmh4ggjvi-audio.wav,/content/drive/MyDrive/Final_Dataset/Sam_final_dataset/Audio/voice_all_files/tts_eval_file/content/genuine_normalized_wavs/1770008303406-dtgmh4ggjvi-audio.wav,tts,1
1769873959111-iyb8x25xi6-audio.wav,/content/drive/MyDrive/Final_Dataset/Sam_final_dataset/Audio/voice_all_files/tts_eval_file/content/genuine_normalized_wavs/1769873959111-iyb8x25xi6-audio.wav,tts,1
saalim-1770445878403-ziskndt4g2-audio.wav,/content/drive/MyDrive/Final_Dataset/Sam_final_dataset/Audio/voice_all_files/tts_eval_file/content/genuine_normalized_wavs/saalim-1770445878403-ziskndt4g2-audio.wav,tts,1
1770102907751-5ua5kyxye1-audio.wav,/content/drive/MyDrive/Final_Dataset/Sam_final_dataset/Audio/voice_all_files/tts_eval_file/content/genuine_normalized_wavs/1770102907751-5ua5kyxye1-audio.wav,tts,1
nina-abeyratne-1770190104402-lqe67xycnml-audio.wav,/content/drive/MyDrive/Final_Dataset/Sam_final_dataset/Audio/voice_all_files/tts_eval_file/content/genuine_normalized_wavs/nina-abeyratne-1770190104402-lqe67xycnml-audio.wav,tts,1
maryam-nawas-1770445840240-b6h7qxrl8o4-audio.wav,/content/drive/MyDrive/Final_Dataset/Sam_final_dataset/Audio/voice_all_files/tts_eval_file/content/genuine_normalized_wavs/maryam-nawas-1770445840240-b6h7qxrl8o4-audio.wav,tts,1
chathura-prabhath-madhusankha-1770445681044-2yzthfbtzkk-audio.wav,/content/drive/MyDrive/Final_Dataset/Sam_final_dataset/Audio/voice_all_files/tts_eval_file/content/genuine_normalized_wavs/chathura-prabhath-madhusankha-1770445681044-2yzthfbtzkk-audio.wav,tts,1
1770088231254-ksqawp9z6n-audio.wav,/content/drive/MyDrive/Final_Dataset/Sam_final_dataset/Audio/voice_all_files/tts_eval_file/content/genuine_normalized_wavs/1770088231254-ksqawp9z6n-audio.wav,tts,1
dulari-kodagoda-1770445738302-8r1wovhgzg-audio.wav,/content/drive/MyDrive/Final_Dataset/Sam_final_dataset/Audio/voice_all_files/tts_eval_file/content/genuine_normalized_wavs/dulari-kodagoda-1770445738302-8r1wovhgzg-audio.wav,tts,1
1769879379973-xvnqv2qjf6j-audio.wav,/content/drive/MyDrive/Final_Dataset/Sam_final_dataset/Audio/voice_all_files/tts_eval_file/content/genuine_normalized_wavs/1769879379973-xvnqv2qjf6j-audio.wav,tts,1
1769609794569-q34zvuubgn9-audio.wav,/content/drive/MyDrive/Final_Dataset/Sam_final_dataset/Audio/voice_all_files/tts_eval_file/content/genuine_normalized_wavs/1769609794569-q34zvuubgn9-audio.wav,tts,1
1769851928799-qk42gmu2rfd-audio.wav,/content/drive/MyDrive/Final_Dataset/Sam_final_dataset/Audio/voice_all_files/tts_eval_file/content/genuine_normalized_wavs/1769851928799-qk42gmu2rfd-audio.wav,tts,1
1769878145896-1l84p8crjq9-audio.wav,/content/drive/MyDrive/Final_Dataset/Sam_final_dataset/Audio/voice_all_files/tts_eval_file/content/genuine_normalized_wavs/1769878145896-1l84p8crjq9-audio.wav,tts,1
ishara-dharmapriya-1770445778272-8f5hwjpivtu-audio.wav,/content/drive/MyDrive/Final_Dataset/Sam_final_dataset/Audio/voice_all_files/tts_eval_file/content/genuine_normalized_wavs/ishara-dharmapriya-1770445778272-8f5hwjpivtu-audio.wav,tts,1
samrithaa-1770445594006-6f009cb87es-audio.wav,/content/drive/MyDrive/Final_Dataset/Sam_final_dataset/Audio/voice_all_files/tts_eval_file/content/genuine_normalized_wavs/samrithaa-1770445594006-6f009cb87es-audio.wav,tts,1
withanage-lakshan-anjana-cooray-1770300702351-atehilgssji-audio.wav,/content/drive/MyDrive/Final_Dataset/Sam_final_dataset/Audio/voice_all_files/tts_eval_file/content/genuine_normalized_wavs/withanage-lakshan-anjana-cooray-1770300702351-atehilgssji-audio.wav,tts,1
samrithaa-jeevaratnam-1770373157831-ly4tduvqles-audio.wav,/content/drive/MyDrive/Final_Dataset/Sam_final_dataset/Audio/voice_all_files/tts_eval_file/content/genuine_normalized_wavs/samrithaa-jeevaratnam-1770373157831-ly4tduvqles-audio.wav,tts,1
1769871843386-e68p9mkbchp-audio.wav,/content/drive/MyDrive/Final_Dataset/Sam_final_dataset/Audio/voice_all_files/tts_eval_file/content/genuine_normalized_wavs/1769871843386-e68p9mkbchp-audio.wav,tts,1
1769877858353-02ci21rj98ul-audio.wav,/content/drive/MyDrive/Final_Dataset/Sam_final_dataset/Audio/voice_all_files/tts_eval_file/content/genuine_normalized_wavs/1769877858353-02ci21rj98ul-audio.wav,tts,1
vijayakalyani-balajeyandhan-1771048275857-08xyag521owi-audio.wav,/content/drive/MyDrive/Final_Dataset/Sam_final_dataset/Audio/voice_all_files/tts_eval_file/content/genuine_normalized_wavs/vijayakalyani-balajeyandhan-1771048275857-08xyag521owi-audio.wav,tts,1
harish-visvalingam-1770445711837-coy6l2idlit-audio.wav,/content/drive/MyDrive/Final_Dataset/Sam_final_dataset/Audio/voice_all_files/tts_eval_file/content/genuine_normalized_wavs/harish-visvalingam-1770445711837-coy6l2idlit-audio.wav,tts,1
samrithaa-jeevaratnam-1770301558926-u9mikmpph9r-audio.wav,/content/drive/MyDrive/Final_Dataset/Sam_final_dataset/Audio/voice_all_files/tts_eval_file/content/genuine_normalized_wavs/samrithaa-jeevaratnam-1770301558926-u9mikmpph9r-audio.wav,tts,1
1770016965967-ncy9o7liox-audio.wav,/content/drive/MyDrive/Final_Dataset/Sam_final_dataset/Audio/voice_all_files/tts_eval_file/content/genuine_normalized_wavs/1770016965967-ncy9o7liox-audio.wav,tts,1
1769877835383-f8kvf7lral-audio.wav,/content/drive/MyDrive/Final_Dataset/Sam_final_dataset/Audio/voice_all_files/tts_eval_file/content/genuine_normalized_wavs/1769877835383-f8kvf7lral-audio.wav,tts,1
1769839222003-e6n98w9hiem-audio.wav,/content/drive/MyDrive/Final_Dataset/Sam_final_dataset/Audio/voice_all_files/tts_eval_file/content/genuine_normalized_wavs/1769839222003-e6n98w9hiem-audio.wav,tts,1
test-1770186437609-qk1zv1qjxmq-audio.wav,/content/drive/MyDrive/Final_Dataset/Sam_final_dataset/Audio/voice_all_files/tts_eval_file/content/genuine_normalized_wavs/test-1770186437609-qk1zv1qjxmq-audio.wav,tts,1
1769868225913-vpvxtwhl39-audio.wav,/content/drive/MyDrive/Final_Dataset/Sam_final_dataset/Audio/voice_all_files/tts_eval_file/content/genuine_normalized_wavs/1769868225913-vpvxtwhl39-audio.wav,tts,1
janudi-gunasekara-1770445699902-r1z2g3b6l4l-audio.wav,/content/drive/MyDrive/Final_Dataset/Sam_final_dataset/Audio/voice_all_files/tts_eval_file/content/genuine_normalized_wavs/janudi-gunasekara-1770445699902-r1z2g3b6l4l-audio.wav,tts,1
1770024945402-cyaejkb1rfn-audio.wav,/content/drive/MyDrive/Final_Dataset/Sam_final_dataset/Audio/voice_all_files/tts_eval_file/content/genuine_normalized_wavs/1770024945402-cyaejkb1rfn-audio.wav,tts,1
1769871455943-4uziyxixc8s-audio.wav,/content/drive/MyDrive/Final_Dataset/Sam_final_dataset/Audio/voice_all_files/tts_eval_file/content/genuine_normalized_wavs/1769871455943-4uziyxixc8s-audio.wav,tts,1
1769876145031-y5gf5scdsuk-audio.wav,/content/drive/MyDrive/Final_Dataset/Sam_final_dataset/Audio/voice_all_files/tts_eval_file/content/genuine_normalized_wavs/1769876145031-y5gf5scdsuk-audio.wav,tts,1
1769851582277-w9o37sz33o-audio.wav,/content/drive/MyDrive/Final_Dataset/Sam_final_dataset/Audio/voice_all_files/tts_eval_file/content/genuine_normalized_wavs/1769851582277-w9o37sz33o-audio.wav,tts,1
1770090868504-sllnnomys4a-audio.wav,/content/drive/MyDrive/Final_Dataset/Sam_final_dataset/Audio/voice_all_files/tts_eval_file/content/genuine_normalized_wavs/1770090868504-sllnnomys4a-audio.wav,tts,1
pawani-amarasinghe-1770445676401-8k4gelgjcrw-audio.wav,/content/drive/MyDrive/Final_Dataset/Sam_final_dataset/Audio/voice_all_files/tts_eval_file/content/genuine_normalized_wavs/pawani-amarasinghe-1770445676401-8k4gelgjcrw-audio.wav,tts,1
nethmi-dhananjana-1770445698477-mfej4lvq8i-audio.wav,/content/drive/MyDrive/Final_Dataset/Sam_final_dataset/Audio/voice_all_files/tts_eval_file/content/genuine_normalized_wavs/nethmi-dhananjana-1770445698477-mfej4lvq8i-audio.wav,tts,1
